timestamp,has_face,ear,blink_cnt,pitch,yaw,roll,emo_feature,type,gaze,gaze_quality
0.0,true,0.1400,1,5.00,10.00,0.0,normal,,,
0.0,,,,,,,,focus,0.1500,1.0
0.1,true,0.1400,1,5.00,10.00,0.0,normal,,,
0.1,,,,,,,,focus,0.1500,1.0
0.2,true,0.3010,1,5.00,10.00,0.0,normal,,,
0.2,,,,,,,,focus,0.1500,1.0
0.3,true,0.3015,1,5.00,10.00,0.0,normal,,,
0.3,,,,,,,,focus,0.1500,1.0
0.4,true,0.3020,1,5.00,10.00,0.0,normal,,,
0.4,,,,,,,,focus,0.1500,1.0
0.5,true,0.3025,1,5.00,10.00,0.0,normal,,,
0.5,,,,,,,,focus,0.1500,1.0
0.6,true,0.3030,1,5.00,10.00,0.0,normal,,,
0.6,,,,,,,,focus,0.1500,1.0
0.7,true,0.3035,1,5.00,10.00,0.0,normal,,,
0.7,,,,,,,,focus,0.1500,1.0
0.8,true,0.3040,1,5.00,10.00,0.0,normal,,,
0.8,,,,,,,,focus,0.1500,1.0
0.9,true,0.3044,1,5.00,10.00,0.0,normal,,,
0.9,,,,,,,,focus,0.1500,1.0
1.0,true,0.3049,1,5.00,10.00,0.0,normal,,,
1.0,,,,,,,,focus,0.1500,1.0
1.1,true,0.3054,1,5.00,10.00,0.0,normal,,,
1.1,,,,,,,,focus,0.1500,1.0
1.2,true,0.3058,1,5.00,10.00,0.0,normal,,,
1.2,,,,,,,,focus,0.1500,1.0
1.3,true,0.3063,1,5.00,10.00,0.0,normal,,,
1.3,,,,,,,,focus,0.1500,1.0
1.4,true,0.3067,1,5.00,10.00,0.0,normal,,,
1.4,,,,,,,,focus,0.1500,1.0
1.5,true,0.3072,1,5.00,10.00,0.0,normal,,,
1.5,,,,,,,,focus,0.1500,1.0
1.6,true,0.3076,1,5.00,10.00,0.0,normal,,,
1.6,,,,,,,,focus,0.1500,1.0
1.7,true,0.3081,1,5.00,10.00,0.0,normal,,,
1.7,,,,,,,,focus,0.1500,1.0
1.8,true,0.3085,1,5.00,10.00,0.0,normal,,,
1.8,,,,,,,,focus,0.1500,1.0
1.9,true,0.3089,1,5.00,10.00,0.0,normal,,,
1.9,,,,,,,,focus,0.1500,1.0
2.0,true,0.3093,1,5.00,10.00,0.0,normal,,,
2.0,,,,,,,,focus,0.1500,1.0
2.1,true,0.3097,1,5.00,10.00,0.0,normal,,,
2.1,,,,,,,,focus,0.1500,1.0
2.2,true,0.3100,1,5.00,10.00,0.0,normal,,,
2.2,,,,,,,,focus,0.1500,1.0
2.3,true,0.3104,1,5.00,10.00,0.0,normal,,,
2.3,,,,,,,,focus,0.1500,1.0
2.4,true,0.3108,1,5.00,10.00,0.0,normal,,,
2.4,,,,,,,,focus,0.1500,1.0
2.5,true,0.3111,1,5.00,10.00,0.0,normal,,,
2.5,,,,,,,,focus,0.1500,1.0
2.6,true,0.3114,1,5.00,10.00,0.0,normal,,,
2.6,,,,,,,,focus,0.1500,1.0
2.7,true,0.3117,1,5.00,10.00,0.0,normal,,,
2.7,,,,,,,,focus,0.1500,1.0
2.8,true,0.3121,1,5.00,10.00,0.0,normal,,,
2.8,,,,,,,,focus,0.1500,1.0
2.9,true,0.3123,1,5.00,10.00,0.0,normal,,,
2.9,,,,,,,,focus,0.1500,1.0
3.0,true,0.3126,1,5.00,10.00,0.0,normal,,,
3.0,,,,,,,,focus,0.1500,1.0
3.1,true,0.3129,1,5.00,10.00,0.0,normal,,,
3.1,,,,,,,,focus,0.1500,1.0
3.2,true,0.3131,1,5.00,10.00,0.0,normal,,,
3.2,,,,,,,,focus,0.1500,1.0
3.3,true,0.3134,1,5.00,10.00,0.0,normal,,,
3.3,,,,,,,,focus,0.1500,1.0
3.4,true,0.3136,1,5.00,10.00,0.0,normal,,,
3.4,,,,,,,,focus,0.1500,1.0
3.5,true,0.3138,1,5.00,10.00,0.0,normal,,,
3.5,,,,,,,,focus,0.1500,1.0
3.6,true,0.3140,1,5.00,10.00,0.0,normal,,,
3.6,,,,,,,,focus,0.1500,1.0
3.7,true,0.3142,1,5.00,10.00,0.0,normal,,,
3.7,,,,,,,,focus,0.1500,1.0
3.8,true,0.3143,1,5.00,10.00,0.0,normal,,,
3.8,,,,,,,,focus,0.1500,1.0
3.9,true,0.3145,1,5.00,10.00,0.0,normal,,,
3.9,,,,,,,,focus,0.1500,1.0
4.0,true,0.1400,1,5.00,10.00,0.0,normal,,,
4.0,,,,,,,,focus,0.1500,1.0
4.1,true,0.1400,1,5.00,10.00,0.0,normal,,,
4.1,,,,,,,,focus,0.1500,1.0
4.2,true,0.3148,1,5.00,10.00,0.0,normal,,,
4.2,,,,,,,,focus,0.1500,1.0
4.3,true,0.3149,1,5.00,10.00,0.0,normal,,,
4.3,,,,,,,,focus,0.1500,1.0
4.4,true,0.3149,1,5.00,10.00,0.0,normal,,,
4.4,,,,,,,,focus,0.1500,1.0
4.5,true,0.3150,1,5.00,10.00,0.0,normal,,,
4.5,,,,,,,,focus,0.1500,1.0
4.6,true,0.3150,1,5.00,10.00,0.0,normal,,,
4.6,,,,,,,,focus,0.1500,1.0
4.7,true,0.3150,1,5.00,10.00,0.0,normal,,,
4.7,,,,,,,,focus,0.1500,1.0
4.8,true,0.3150,1,5.00,10.00,0.0,normal,,,
4.8,,,,,,,,focus,0.1500,1.0
4.9,true,0.3150,1,5.00,10.00,0.0,normal,,,
4.9,,,,,,,,focus,0.1500,1.0
5.0,true,0.3149,1,5.00,10.00,0.0,normal,,,
5.0,,,,,,,,focus,0.1500,1.0
5.1,true,0.3149,1,5.00,10.00,0.0,normal,,,
5.1,,,,,,,,focus,0.1500,1.0
5.2,true,0.3148,1,5.00,10.00,0.0,normal,,,
5.2,,,,,,,,focus,0.1500,1.0
5.3,true,0.3147,1,5.00,10.00,0.0,normal,,,
5.3,,,,,,,,focus,0.1500,1.0
5.4,true,0.3146,1,5.00,10.00,0.0,normal,,,
5.4,,,,,,,,focus,0.1500,1.0
5.5,true,0.3145,1,5.00,10.00,0.0,normal,,,
5.5,,,,,,,,focus,0.1500,1.0
5.6,true,0.3143,1,5.00,10.00,0.0,normal,,,
5.6,,,,,,,,focus,0.1500,1.0
5.7,true,0.3142,1,5.00,10.00,0.0,normal,,,
5.7,,,,,,,,focus,0.1500,1.0
5.8,true,0.3140,1,5.00,10.00,0.0,normal,,,
5.8,,,,,,,,focus,0.1500,1.0
5.9,true,0.3138,1,5.00,10.00,0.0,normal,,,
5.9,,,,,,,,focus,0.1500,1.0
6.0,true,0.3136,1,5.00,10.00,0.0,normal,,,
6.0,,,,,,,,focus,0.1500,1.0
6.1,true,0.3134,1,5.00,10.00,0.0,normal,,,
6.1,,,,,,,,focus,0.1500,1.0
6.2,true,0.3132,1,5.00,10.00,0.0,normal,,,
6.2,,,,,,,,focus,0.1500,1.0
6.3,true,0.3129,1,5.00,10.00,0.0,normal,,,
6.3,,,,,,,,focus,0.1500,1.0
6.4,true,0.3127,1,5.00,10.00,0.0,normal,,,
6.4,,,,,,,,focus,0.1500,1.0
6.5,true,0.3124,1,5.00,10.00,0.0,normal,,,
6.5,,,,,,,,focus,0.1500,1.0
6.6,true,0.3121,1,5.00,10.00,0.0,normal,,,
6.6,,,,,,,,focus,0.1500,1.0
6.7,true,0.3118,1,5.00,10.00,0.0,normal,,,
6.7,,,,,,,,focus,0.1500,1.0
6.8,true,0.3115,1,5.00,10.00,0.0,normal,,,
6.8,,,,,,,,focus,0.1500,1.0
6.9,true,0.3112,1,5.00,10.00,0.0,normal,,,
6.9,,,,,,,,focus,0.1500,1.0
7.0,true,0.3108,1,5.00,10.00,0.0,normal,,,
7.0,,,,,,,,focus,0.1500,1.0
7.1,true,0.3105,1,5.00,10.00,0.0,normal,,,
7.1,,,,,,,,focus,0.1500,1.0
7.2,true,0.3101,1,5.00,10.00,0.0,normal,,,
7.2,,,,,,,,focus,0.1500,1.0
7.3,true,0.3098,1,5.00,10.00,0.0,normal,,,
7.3,,,,,,,,focus,0.1500,1.0
7.4,true,0.3094,1,5.00,10.00,0.0,normal,,,
7.4,,,,,,,,focus,0.1500,1.0
7.5,true,0.3090,1,5.00,10.00,0.0,normal,,,
7.5,,,,,,,,focus,0.1500,1.0
7.6,true,0.3086,1,5.00,10.00,0.0,normal,,,
7.6,,,,,,,,focus,0.1500,1.0
7.7,true,0.3082,1,5.00,10.00,0.0,normal,,,
7.7,,,,,,,,focus,0.1500,1.0
7.8,true,0.3077,1,5.00,10.00,0.0,normal,,,
7.8,,,,,,,,focus,0.1500,1.0
7.9,true,0.3073,1,5.00,10.00,0.0,normal,,,
7.9,,,,,,,,focus,0.1500,1.0
8.0,true,0.1400,1,5.00,10.00,0.0,normal,,,
8.0,,,,,,,,focus,0.1500,1.0
8.1,true,0.1400,1,5.00,10.00,0.0,normal,,,
8.1,,,,,,,,focus,0.1500,1.0
8.2,true,0.1400,1,5.00,10.00,0.0,normal,,,
8.2,,,,,,,,focus,0.1500,1.0
8.3,true,0.3055,1,5.00,10.00,0.0,normal,,,
8.3,,,,,,,,focus,0.1500,1.0
8.4,true,0.3050,1,5.00,10.00,0.0,normal,,,
8.4,,,,,,,,focus,0.1500,1.0
8.5,true,0.3046,1,5.00,10.00,0.0,normal,,,
8.5,,,,,,,,focus,0.1500,1.0
8.6,true,0.3041,1,5.00,10.00,0.0,normal,,,
8.6,,,,,,,,focus,0.1500,1.0
8.7,true,0.3036,1,5.00,10.00,0.0,normal,,,
8.7,,,,,,,,focus,0.1500,1.0
8.8,true,0.3031,1,5.00,10.00,0.0,normal,,,
8.8,,,,,,,,focus,0.1500,1.0
8.9,true,0.3026,1,5.00,10.00,0.0,normal,,,
8.9,,,,,,,,focus,0.1500,1.0
9.0,true,0.3021,1,5.00,10.00,0.0,normal,,,
9.0,,,,,,,,focus,0.1500,1.0
9.1,true,0.3016,1,5.00,10.00,0.0,normal,,,
9.1,,,,,,,,focus,0.1500,1.0
9.2,true,0.3011,1,5.00,10.00,0.0,normal,,,
9.2,,,,,,,,focus,0.1500,1.0
9.3,true,0.3006,1,5.00,10.00,0.0,normal,,,
9.3,,,,,,,,focus,0.1500,1.0
9.4,true,0.3001,1,5.00,10.00,0.0,normal,,,
9.4,,,,,,,,focus,0.1500,1.0
9.5,true,0.2996,1,5.00,10.00,0.0,normal,,,
9.5,,,,,,,,focus,0.1500,1.0
9.6,true,0.2991,1,5.00,10.00,0.0,normal,,,
9.6,,,,,,,,focus,0.1500,1.0
9.7,true,0.2986,1,5.00,10.00,0.0,normal,,,
9.7,,,,,,,,focus,0.1500,1.0
9.8,true,0.2981,1,5.00,10.00,0.0,normal,,,
9.8,,,,,,,,focus,0.1500,1.0
9.9,true,0.2976,1,5.00,10.00,0.0,normal,,,
9.9,,,,,,,,focus,0.1500,1.0
10.0,true,0.2971,1,5.00,10.00,0.0,normal,,,
10.0,,,,,,,,focus,0.1500,1.0
10.1,true,0.2967,1,5.00,10.00,0.0,normal,,,
10.1,,,,,,,,focus,0.1500,1.0
10.2,true,0.2962,1,5.00,10.00,0.0,normal,,,
10.2,,,,,,,,focus,0.1500,1.0
10.3,true,0.2957,1,5.00,10.00,0.0,normal,,,
10.3,,,,,,,,focus,0.1500,1.0
10.4,true,0.2952,1,5.00,10.00,0.0,normal,,,
10.4,,,,,,,,focus,0.1500,1.0
10.5,true,0.2947,1,5.00,10.00,0.0,normal,,,
10.5,,,,,,,,focus,0.1500,1.0
10.6,true,0.2943,1,5.00,10.00,0.0,normal,,,
10.6,,,,,,,,focus,0.1500,1.0
10.7,true,0.2938,1,5.00,10.00,0.0,normal,,,
10.7,,,,,,,,focus,0.1500,1.0
10.8,true,0.2934,1,5.00,10.00,0.0,normal,,,
10.8,,,,,,,,focus,0.1500,1.0
10.9,true,0.2929,1,5.00,10.00,0.0,normal,,,
10.9,,,,,,,,focus,0.1500,1.0
11.0,true,0.2925,1,5.00,10.00,0.0,normal,,,
11.0,,,,,,,,focus,0.1500,1.0
11.1,true,0.2921,1,5.00,10.00,0.0,normal,,,
11.1,,,,,,,,focus,0.1500,1.0
11.2,true,0.2916,1,5.00,10.00,0.0,normal,,,
11.2,,,,,,,,focus,0.1500,1.0
11.3,true,0.2912,1,5.00,10.00,0.0,normal,,,
11.3,,,,,,,,focus,0.1500,1.0
11.4,true,0.2908,1,5.00,10.00,0.0,normal,,,
11.4,,,,,,,,focus,0.1500,1.0
11.5,true,0.2904,1,5.00,10.00,0.0,normal,,,
11.5,,,,,,,,focus,0.1500,1.0
11.6,true,0.2901,1,5.00,10.00,0.0,normal,,,
11.6,,,,,,,,focus,0.1500,1.0
11.7,true,0.2897,1,5.00,10.00,0.0,normal,,,
11.7,,,,,,,,focus,0.1500,1.0
11.8,true,0.2893,1,5.00,10.00,0.0,normal,,,
11.8,,,,,,,,focus,0.1500,1.0
11.9,true,0.2890,1,5.00,10.00,0.0,normal,,,
11.9,,,,,,,,focus,0.1500,1.0
12.0,true,0.1400,1,5.00,10.00,0.0,normal,,,
12.0,,,,,,,,focus,0.1500,1.0
12.1,true,0.1400,1,5.00,10.00,0.0,normal,,,
12.1,,,,,,,,focus,0.1500,1.0
12.2,true,0.1400,1,5.00,10.00,0.0,normal,,,
12.2,,,,,,,,focus,0.1500,1.0
12.3,true,0.2877,1,5.00,10.00,0.0,normal,,,
12.3,,,,,,,,focus,0.1500,1.0
12.4,true,0.2874,1,5.00,10.00,0.0,normal,,,
12.4,,,,,,,,focus,0.1500,1.0
12.5,true,0.2872,1,5.00,10.00,0.0,normal,,,
12.5,,,,,,,,focus,0.1500,1.0
12.6,true,0.2869,1,5.00,10.00,0.0,normal,,,
12.6,,,,,,,,focus,0.1500,1.0
12.7,true,0.2867,1,5.00,10.00,0.0,normal,,,
12.7,,,,,,,,focus,0.1500,1.0
12.8,true,0.2865,1,5.00,10.00,0.0,normal,,,
12.8,,,,,,,,focus,0.1500,1.0
12.9,true,0.2863,1,5.00,10.00,0.0,normal,,,
12.9,,,,,,,,focus,0.1500,1.0
13.0,true,0.2861,1,5.00,10.00,0.0,normal,,,
13.0,,,,,,,,focus,0.1500,1.0
13.1,true,0.2859,1,5.00,10.00,0.0,normal,,,
13.1,,,,,,,,focus,0.1500,1.0
13.2,true,0.2857,1,5.00,10.00,0.0,normal,,,
13.2,,,,,,,,focus,0.1500,1.0
13.3,true,0.2856,1,5.00,10.00,0.0,normal,,,
13.3,,,,,,,,focus,0.1500,1.0
13.4,true,0.2855,1,5.00,10.00,0.0,normal,,,
13.4,,,,,,,,focus,0.1500,1.0
13.5,true,0.2853,1,5.00,10.00,0.0,normal,,,
13.5,,,,,,,,focus,0.1500,1.0
13.6,true,0.2852,1,5.00,10.00,0.0,normal,,,
13.6,,,,,,,,focus,0.1500,1.0
13.7,true,0.2852,1,5.00,10.00,0.0,normal,,,
13.7,,,,,,,,focus,0.1500,1.0
13.8,true,0.2851,1,5.00,10.00,0.0,normal,,,
13.8,,,,,,,,focus,0.1500,1.0
13.9,true,0.2850,1,5.00,10.00,0.0,normal,,,
13.9,,,,,,,,focus,0.1500,1.0
14.0,true,0.2850,1,5.00,10.00,0.0,normal,,,
14.0,,,,,,,,focus,0.1500,1.0
14.1,true,0.2850,1,5.00,10.00,0.0,normal,,,
14.1,,,,,,,,focus,0.1500,1.0
14.2,true,0.2850,1,5.00,10.00,0.0,normal,,,
14.2,,,,,,,,focus,0.1500,1.0
14.3,true,0.2850,1,5.00,10.00,0.0,normal,,,
14.3,,,,,,,,focus,0.1500,1.0
14.4,true,0.2851,1,5.00,10.00,0.0,normal,,,
14.4,,,,,,,,focus,0.1500,1.0
14.5,true,0.2851,1,5.00,10.00,0.0,normal,,,
14.5,,,,,,,,focus,0.1500,1.0
14.6,true,0.2852,1,5.00,10.00,0.0,normal,,,
14.6,,,,,,,,focus,0.1500,1.0
14.7,true,0.2853,1,5.00,10.00,0.0,normal,,,
14.7,,,,,,,,focus,0.1500,1.0
14.8,true,0.2854,1,5.00,10.00,0.0,normal,,,
14.8,,,,,,,,focus,0.1500,1.0
14.9,true,0.2855,1,5.00,10.00,0.0,normal,,,
14.9,,,,,,,,focus,0.1500,1.0
15.0,true,0.2856,1,5.00,10.00,0.0,normal,,,
15.0,,,,,,,,focus,0.1500,1.0
15.1,true,0.2858,1,5.00,10.00,0.0,normal,,,
15.1,,,,,,,,focus,0.1500,1.0
15.2,true,0.2859,1,5.00,10.00,0.0,normal,,,
15.2,,,,,,,,focus,0.1500,1.0
15.3,true,0.2861,1,5.00,10.00,0.0,normal,,,
15.3,,,,,,,,focus,0.1500,1.0
15.4,true,0.2863,1,5.00,10.00,0.0,normal,,,
15.4,,,,,,,,focus,0.1500,1.0
15.5,true,0.2865,1,5.00,10.00,0.0,normal,,,
15.5,,,,,,,,focus,0.1500,1.0
15.6,true,0.2867,1,5.00,10.00,0.0,normal,,,
15.6,,,,,,,,focus,0.1500,1.0
15.7,true,0.2870,1,5.00,10.00,0.0,normal,,,
15.7,,,,,,,,focus,0.1500,1.0
15.8,true,0.2872,1,5.00,10.00,0.0,normal,,,
15.8,,,,,,,,focus,0.1500,1.0
15.9,true,0.2875,1,5.00,10.00,0.0,normal,,,
15.9,,,,,,,,focus,0.1500,1.0
16.0,true,0.1400,1,5.00,10.00,0.0,normal,,,
16.0,,,,,,,,focus,0.1500,1.0
16.1,true,0.1400,1,5.00,10.00,0.0,normal,,,
16.1,,,,,,,,focus,0.1500,1.0
16.2,true,0.1400,1,5.00,10.00,0.0,normal,,,
16.2,,,,,,,,focus,0.1500,1.0
16.3,true,0.2887,1,5.00,10.00,0.0,normal,,,
16.3,,,,,,,,focus,0.1500,1.0
16.4,true,0.2891,1,5.00,10.00,0.0,normal,,,
16.4,,,,,,,,focus,0.1500,1.0
16.5,true,0.2894,1,5.00,10.00,0.0,normal,,,
16.5,,,,,,,,focus,0.1500,1.0
16.6,true,0.2898,1,5.00,10.00,0.0,normal,,,
16.6,,,,,,,,focus,0.1500,1.0
16.7,true,0.2901,1,5.00,10.00,0.0,normal,,,
16.7,,,,,,,,focus,0.1500,1.0
16.8,true,0.2905,1,5.00,10.00,0.0,normal,,,
16.8,,,,,,,,focus,0.1500,1.0
16.9,true,0.2909,1,5.00,10.00,0.0,normal,,,
16.9,,,,,,,,focus,0.1500,1.0
17.0,true,0.2913,1,5.00,10.00,0.0,normal,,,
17.0,,,,,,,,focus,0.1500,1.0
17.1,true,0.2917,1,5.00,10.00,0.0,normal,,,
17.1,,,,,,,,focus,0.1500,1.0
17.2,true,0.2922,1,5.00,10.00,0.0,normal,,,
17.2,,,,,,,,focus,0.1500,1.0
17.3,true,0.2926,1,5.00,10.00,0.0,normal,,,
17.3,,,,,,,,focus,0.1500,1.0
17.4,true,0.2930,1,5.00,10.00,0.0,normal,,,
17.4,,,,,,,,focus,0.1500,1.0
17.5,true,0.2935,1,5.00,10.00,0.0,normal,,,
17.5,,,,,,,,focus,0.1500,1.0
17.6,true,0.2939,1,5.00,10.00,0.0,normal,,,
17.6,,,,,,,,focus,0.1500,1.0
17.7,true,0.2944,1,5.00,10.00,0.0,normal,,,
17.7,,,,,,,,focus,0.1500,1.0
17.8,true,0.2949,1,5.00,10.00,0.0,normal,,,
17.8,,,,,,,,focus,0.1500,1.0
17.9,true,0.2953,1,5.00,10.00,0.0,normal,,,
17.9,,,,,,,,focus,0.1500,1.0
18.0,true,0.2958,1,5.00,10.00,0.0,normal,,,
18.0,,,,,,,,focus,0.1500,1.0
18.1,true,0.2963,1,5.00,10.00,0.0,normal,,,
18.1,,,,,,,,focus,0.1500,1.0
18.2,true,0.2968,1,5.00,10.00,0.0,normal,,,
18.2,,,,,,,,focus,0.1500,1.0
18.3,true,0.2973,1,5.00,10.00,0.0,normal,,,
18.3,,,,,,,,focus,0.1500,1.0
18.4,true,0.2978,1,5.00,10.00,0.0,normal,,,
18.4,,,,,,,,focus,0.1500,1.0
18.5,true,0.2983,1,5.00,10.00,0.0,normal,,,
18.5,,,,,,,,focus,0.1500,1.0
18.6,true,0.2988,1,5.00,10.00,0.0,normal,,,
18.6,,,,,,,,focus,0.1500,1.0
18.7,true,0.2993,1,5.00,10.00,0.0,normal,,,
18.7,,,,,,,,focus,0.1500,1.0
18.8,true,0.2998,1,5.00,10.00,0.0,normal,,,
18.8,,,,,,,,focus,0.1500,1.0
18.9,true,0.3003,1,5.00,10.00,0.0,normal,,,
18.9,,,,,,,,focus,0.1500,1.0
19.0,true,0.3008,1,5.00,10.00,0.0,normal,,,
19.0,,,,,,,,focus,0.1500,1.0
19.1,true,0.3013,1,5.00,10.00,0.0,normal,,,
19.1,,,,,,,,focus,0.1500,1.0
19.2,true,0.3017,1,5.00,10.00,0.0,normal,,,
19.2,,,,,,,,focus,0.1500,1.0
19.3,true,0.3022,1,5.00,10.00,0.0,normal,,,
19.3,,,,,,,,focus,0.1500,1.0
19.4,true,0.3027,1,5.00,10.00,0.0,normal,,,
19.4,,,,,,,,focus,0.1500,1.0
19.5,true,0.3032,1,5.00,10.00,0.0,normal,,,
19.5,,,,,,,,focus,0.1500,1.0
19.6,true,0.3037,1,5.00,10.00,0.0,normal,,,
19.6,,,,,,,,focus,0.1500,1.0
19.7,true,0.3042,1,5.00,10.00,0.0,normal,,,
19.7,,,,,,,,focus,0.1500,1.0
19.8,true,0.3047,1,5.00,10.00,0.0,normal,,,
19.8,,,,,,,,focus,0.1500,1.0
19.9,true,0.3051,1,5.00,10.00,0.0,normal,,,
19.9,,,,,,,,focus,0.1500,1.0
20.0,true,0.1400,1,5.00,10.00,0.0,tired,,,
20.0,,,,,,,,focus,0.1500,1.0
20.1,true,0.1400,1,5.00,10.00,0.0,tired,,,
20.1,,,,,,,,focus,0.1500,1.0
20.2,true,0.1400,1,5.00,10.00,0.0,tired,,,
20.2,,,,,,,,focus,0.1500,1.0
20.3,true,0.3070,1,5.00,10.00,0.0,tired,,,
20.3,,,,,,,,focus,0.1500,1.0
20.4,true,0.3074,1,5.00,10.00,0.0,tired,,,
20.4,,,,,,,,focus,0.1500,1.0
20.5,true,0.3078,1,5.00,10.00,0.0,tired,,,
20.5,,,,,,,,focus,0.1500,1.0
20.6,true,0.3083,1,5.00,10.00,0.0,tired,,,
20.6,,,,,,,,focus,0.1500,1.0
20.7,true,0.3087,1,5.00,10.00,0.0,tired,,,
20.7,,,,,,,,focus,0.1500,1.0
20.8,true,0.3091,1,5.00,10.00,0.0,tired,,,
20.8,,,,,,,,focus,0.1500,1.0
20.9,true,0.3095,1,5.00,10.00,0.0,tired,,,
20.9,,,,,,,,focus,0.1500,1.0
21.0,true,0.3099,1,5.00,10.00,0.0,tired,,,
21.0,,,,,,,,focus,0.1500,1.0
21.1,true,0.3102,1,5.00,10.00,0.0,tired,,,
21.1,,,,,,,,focus,0.1500,1.0
21.2,true,0.3106,1,5.00,10.00,0.0,tired,,,
21.2,,,,,,,,focus,0.1500,1.0
21.3,true,0.3109,1,5.00,10.00,0.0,tired,,,
21.3,,,,,,,,focus,0.1500,1.0
21.4,true,0.3113,1,5.00,10.00,0.0,tired,,,
21.4,,,,,,,,focus,0.1500,1.0
21.5,true,0.3116,1,5.00,10.00,0.0,tired,,,
21.5,,,,,,,,focus,0.1500,1.0
21.6,true,0.3119,1,5.00,10.00,0.0,tired,,,
21.6,,,,,,,,focus,0.1500,1.0
21.7,true,0.3122,1,5.00,10.00,0.0,tired,,,
21.7,,,,,,,,focus,0.1500,1.0
21.8,true,0.3125,1,5.00,10.00,0.0,tired,,,
21.8,,,,,,,,focus,0.1500,1.0
21.9,true,0.3128,1,5.00,10.00,0.0,tired,,,
21.9,,,,,,,,focus,0.1500,1.0
22.0,true,0.3130,1,5.00,10.00,0.0,tired,,,
22.0,,,,,,,,focus,0.1500,1.0
22.1,true,0.3133,1,5.00,10.00,0.0,tired,,,
22.1,,,,,,,,focus,0.1500,1.0
22.2,true,0.3135,1,5.00,10.00,0.0,tired,,,
22.2,,,,,,,,focus,0.1500,1.0
22.3,true,0.3137,1,5.00,10.00,0.0,tired,,,
22.3,,,,,,,,focus,0.1500,1.0
22.4,true,0.3139,1,5.00,10.00,0.0,tired,,,
22.4,,,,,,,,focus,0.1500,1.0
22.5,true,0.3141,1,5.00,10.00,0.0,tired,,,
22.5,,,,,,,,focus,0.1500,1.0
22.6,true,0.3142,1,5.00,10.00,0.0,tired,,,
22.6,,,,,,,,focus,0.1500,1.0
22.7,true,0.3144,1,5.00,10.00,0.0,tired,,,
22.7,,,,,,,,focus,0.1500,1.0
22.8,true,0.3145,1,5.00,10.00,0.0,tired,,,
22.8,,,,,,,,focus,0.1500,1.0
22.9,true,0.3146,1,5.00,10.00,0.0,tired,,,
22.9,,,,,,,,focus,0.1500,1.0
23.0,true,0.3147,1,5.00,10.00,0.0,tired,,,
23.0,,,,,,,,focus,0.1500,1.0
23.1,true,0.3148,1,5.00,10.00,0.0,tired,,,
23.1,,,,,,,,focus,0.1500,1.0
23.2,true,0.3149,1,5.00,10.00,0.0,tired,,,
23.2,,,,,,,,focus,0.1500,1.0
23.3,true,0.3149,1,5.00,10.00,0.0,tired,,,
23.3,,,,,,,,focus,0.1500,1.0
23.4,true,0.3150,1,5.00,10.00,0.0,tired,,,
23.4,,,,,,,,focus,0.1500,1.0
23.5,true,0.3150,1,5.00,10.00,0.0,tired,,,
23.5,,,,,,,,focus,0.1500,1.0
23.6,true,0.3150,1,5.00,10.00,0.0,tired,,,
23.6,,,,,,,,focus,0.1500,1.0
23.7,true,0.3150,1,5.00,10.00,0.0,tired,,,
23.7,,,,,,,,focus,0.1500,1.0
23.8,true,0.3150,1,5.00,10.00,0.0,tired,,,
23.8,,,,,,,,focus,0.1500,1.0
23.9,true,0.3149,1,5.00,10.00,0.0,tired,,,
23.9,,,,,,,,focus,0.1500,1.0
24.0,true,0.1400,1,5.00,10.00,0.0,tired,,,
24.0,,,,,,,,focus,0.1500,1.0
24.1,true,0.1400,1,5.00,10.00,0.0,tired,,,
24.1,,,,,,,,focus,0.1500,1.0
24.2,true,0.1400,1,5.00,10.00,0.0,tired,,,
24.2,,,,,,,,focus,0.1500,1.0
24.3,true,0.3145,1,5.00,10.00,0.0,tired,,,
24.3,,,,,,,,focus,0.1500,1.0
24.4,true,0.3144,1,5.00,10.00,0.0,tired,,,
24.4,,,,,,,,focus,0.1500,1.0
24.5,true,0.3143,1,5.00,10.00,0.0,tired,,,
24.5,,,,,,,,focus,0.1500,1.0
24.6,true,0.3141,1,5.00,10.00,0.0,tired,,,
24.6,,,,,,,,focus,0.1500,1.0
24.7,true,0.3139,1,5.00,10.00,0.0,tired,,,
24.7,,,,,,,,focus,0.1500,1.0
24.8,true,0.3137,1,5.00,10.00,0.0,tired,,,
24.8,,,,,,,,focus,0.1500,1.0
24.9,true,0.3135,1,5.00,10.00,0.0,tired,,,
24.9,,,,,,,,focus,0.1500,1.0
25.0,true,0.3133,1,5.00,10.00,0.0,tired,,,
25.0,,,,,,,,focus,0.1500,1.0
25.1,true,0.3131,1,5.00,10.00,0.0,tired,,,
25.1,,,,,,,,focus,0.1500,1.0
25.2,true,0.3128,1,5.00,10.00,0.0,tired,,,
25.2,,,,,,,,focus,0.1500,1.0
25.3,true,0.3126,1,5.00,10.00,0.0,tired,,,
25.3,,,,,,,,focus,0.1500,1.0
25.4,true,0.3123,1,5.00,10.00,0.0,tired,,,
25.4,,,,,,,,focus,0.1500,1.0
25.5,true,0.3120,1,5.00,10.00,0.0,tired,,,
25.5,,,,,,,,focus,0.1500,1.0
25.6,true,0.3117,1,5.00,10.00,0.0,tired,,,
25.6,,,,,,,,focus,0.1500,1.0
25.7,true,0.3113,1,5.00,10.00,0.0,tired,,,
25.7,,,,,,,,focus,0.1500,1.0
25.8,true,0.3110,1,5.00,10.00,0.0,tired,,,
25.8,,,,,,,,focus,0.1500,1.0
25.9,true,0.3107,1,5.00,10.00,0.0,tired,,,
25.9,,,,,,,,focus,0.1500,1.0
26.0,true,0.3103,1,5.00,10.00,0.0,tired,,,
26.0,,,,,,,,focus,0.1500,1.0
26.1,true,0.3099,1,5.00,10.00,0.0,tired,,,
26.1,,,,,,,,focus,0.1500,1.0
26.2,true,0.3096,1,5.00,10.00,0.0,tired,,,
26.2,,,,,,,,focus,0.1500,1.0
26.3,true,0.3092,1,5.00,10.00,0.0,tired,,,
26.3,,,,,,,,focus,0.1500,1.0
26.4,true,0.3088,1,5.00,10.00,0.0,tired,,,
26.4,,,,,,,,focus,0.1500,1.0
26.5,true,0.3084,1,5.00,10.00,0.0,tired,,,
26.5,,,,,,,,focus,0.1500,1.0
26.6,true,0.3079,1,5.00,10.00,0.0,tired,,,
26.6,,,,,,,,focus,0.1500,1.0
26.7,true,0.3075,1,5.00,10.00,0.0,tired,,,
26.7,,,,,,,,focus,0.1500,1.0
26.8,true,0.3071,1,5.00,10.00,0.0,tired,,,
26.8,,,,,,,,focus,0.1500,1.0
26.9,true,0.3066,1,5.00,10.00,0.0,tired,,,
26.9,,,,,,,,focus,0.1500,1.0
27.0,true,0.3062,1,5.00,10.00,0.0,tired,,,
27.0,,,,,,,,focus,0.1500,1.0
27.1,true,0.3057,1,5.00,10.00,0.0,tired,,,
27.1,,,,,,,,focus,0.1500,1.0
27.2,true,0.3053,1,5.00,10.00,0.0,tired,,,
27.2,,,,,,,,focus,0.1500,1.0
27.3,true,0.3048,1,5.00,10.00,0.0,tired,,,
27.3,,,,,,,,focus,0.1500,1.0
27.4,true,0.3043,1,5.00,10.00,0.0,tired,,,
27.4,,,,,,,,focus,0.1500,1.0
27.5,true,0.3038,1,5.00,10.00,0.0,tired,,,
27.5,,,,,,,,focus,0.1500,1.0
27.6,true,0.3033,1,5.00,10.00,0.0,tired,,,
27.6,,,,,,,,focus,0.1500,1.0
27.7,true,0.3029,1,5.00,10.00,0.0,tired,,,
27.7,,,,,,,,focus,0.1500,1.0
27.8,true,0.3024,1,5.00,10.00,0.0,tired,,,
27.8,,,,,,,,focus,0.1500,1.0
27.9,true,0.3019,1,5.00,10.00,0.0,tired,,,
27.9,,,,,,,,focus,0.1500,1.0
28.0,true,0.1400,1,5.00,10.00,0.0,tired,,,
28.0,,,,,,,,focus,0.1500,1.0
28.1,true,0.1400,1,5.00,10.00,0.0,tired,,,
28.1,,,,,,,,focus,0.1500,1.0
28.2,true,0.1400,1,5.00,10.00,0.0,tired,,,
28.2,,,,,,,,focus,0.1500,1.0
28.3,true,0.2999,1,5.00,10.00,0.0,tired,,,
28.3,,,,,,,,focus,0.1500,1.0
28.4,true,0.2994,1,5.00,10.00,0.0,tired,,,
28.4,,,,,,,,focus,0.1500,1.0
28.5,true,0.2989,1,5.00,10.00,0.0,tired,,,
28.5,,,,,,,,focus,0.1500,1.0
28.6,true,0.2984,1,5.00,10.00,0.0,tired,,,
28.6,,,,,,,,focus,0.1500,1.0
28.7,true,0.2979,1,5.00,10.00,0.0,tired,,,
28.7,,,,,,,,focus,0.1500,1.0
28.8,true,0.2974,1,5.00,10.00,0.0,tired,,,
28.8,,,,,,,,focus,0.1500,1.0
28.9,true,0.2969,1,5.00,10.00,0.0,tired,,,
28.9,,,,,,,,focus,0.1500,1.0
29.0,true,0.2964,1,5.00,10.00,0.0,tired,,,
29.0,,,,,,,,focus,0.1500,1.0
29.1,true,0.2959,1,5.00,10.00,0.0,tired,,,
29.1,,,,,,,,focus,0.1500,1.0
29.2,true,0.2954,1,5.00,10.00,0.0,tired,,,
29.2,,,,,,,,focus,0.1500,1.0
29.3,true,0.2950,1,5.00,10.00,0.0,tired,,,
29.3,,,,,,,,focus,0.1500,1.0
29.4,true,0.2945,1,5.00,10.00,0.0,tired,,,
29.4,,,,,,,,focus,0.1500,1.0
29.5,true,0.2940,1,5.00,10.00,0.0,tired,,,
29.5,,,,,,,,focus,0.1500,1.0
29.6,true,0.2936,1,5.00,10.00,0.0,tired,,,
29.6,,,,,,,,focus,0.1500,1.0
29.7,true,0.2931,1,5.00,10.00,0.0,tired,,,
29.7,,,,,,,,focus,0.1500,1.0
29.8,true,0.2927,1,5.00,10.00,0.0,tired,,,
29.8,,,,,,,,focus,0.1500,1.0
29.9,true,0.2923,1,5.00,10.00,0.0,tired,,,
29.9,,,,,,,,focus,0.1500,1.0
30.0,true,0.2918,1,5.00,10.00,0.0,tired,,,
30.0,,,,,,,,focus,0.1500,1.0
30.1,true,0.2914,1,5.00,10.00,0.0,tired,,,
30.1,,,,,,,,focus,0.1500,1.0
30.2,true,0.2910,1,5.00,10.00,0.0,tired,,,
30.2,,,,,,,,focus,0.1500,1.0
30.3,true,0.2906,1,5.00,10.00,0.0,tired,,,
30.3,,,,,,,,focus,0.1500,1.0
30.4,true,0.2902,1,5.00,10.00,0.0,tired,,,
30.4,,,,,,,,focus,0.1500,1.0
30.5,true,0.2899,1,5.00,10.00,0.0,tired,,,
30.5,,,,,,,,focus,0.1500,1.0
30.6,true,0.2895,1,5.00,10.00,0.0,tired,,,
30.6,,,,,,,,focus,0.1500,1.0
30.7,true,0.2892,1,5.00,10.00,0.0,tired,,,
30.7,,,,,,,,focus,0.1500,1.0
30.8,true,0.2888,1,5.00,10.00,0.0,tired,,,
30.8,,,,,,,,focus,0.1500,1.0
30.9,true,0.2885,1,5.00,10.00,0.0,tired,,,
30.9,,,,,,,,focus,0.1500,1.0
31.0,true,0.2882,1,5.00,10.00,0.0,tired,,,
31.0,,,,,,,,focus,0.1500,1.0
31.1,true,0.2879,1,5.00,10.00,0.0,tired,,,
31.1,,,,,,,,focus,0.1500,1.0
31.2,true,0.2876,1,5.00,10.00,0.0,tired,,,
31.2,,,,,,,,focus,0.1500,1.0
31.3,true,0.2873,1,5.00,10.00,0.0,tired,,,
31.3,,,,,,,,focus,0.1500,1.0
31.4,true,0.2870,1,5.00,10.00,0.0,tired,,,
31.4,,,,,,,,focus,0.1500,1.0
31.5,true,0.2868,1,5.00,10.00,0.0,tired,,,
31.5,,,,,,,,focus,0.1500,1.0
31.6,true,0.2866,1,5.00,10.00,0.0,tired,,,
31.6,,,,,,,,focus,0.1500,1.0
31.7,true,0.2864,1,5.00,10.00,0.0,tired,,,
31.7,,,,,,,,focus,0.1500,1.0
31.8,true,0.2862,1,5.00,10.00,0.0,tired,,,
31.8,,,,,,,,focus,0.1500,1.0
31.9,true,0.2860,1,5.00,10.00,0.0,tired,,,
31.9,,,,,,,,focus,0.1500,1.0
32.0,true,0.1400,1,5.00,10.00,0.0,tired,,,
32.0,,,,,,,,focus,0.1500,1.0
32.1,true,0.1400,1,5.00,10.00,0.0,tired,,,
32.1,,,,,,,,focus,0.1500,1.0
32.2,true,0.2855,1,5.00,10.00,0.0,tired,,,
32.2,,,,,,,,focus,0.1500,1.0
32.3,true,0.2854,1,5.00,10.00,0.0,tired,,,
32.3,,,,,,,,focus,0.1500,1.0
32.4,true,0.2853,1,5.00,10.00,0.0,tired,,,
32.4,,,,,,,,focus,0.1500,1.0
32.5,true,0.2852,1,5.00,10.00,0.0,tired,,,
32.5,,,,,,,,focus,0.1500,1.0
32.6,true,0.2851,1,5.00,10.00,0.0,tired,,,
32.6,,,,,,,,focus,0.1500,1.0
32.7,true,0.2851,1,5.00,10.00,0.0,tired,,,
32.7,,,,,,,,focus,0.1500,1.0
32.8,true,0.2850,1,5.00,10.00,0.0,tired,,,
32.8,,,,,,,,focus,0.1500,1.0
32.9,true,0.2850,1,5.00,10.00,0.0,tired,,,
32.9,,,,,,,,focus,0.1500,1.0
33.0,true,0.2850,1,5.00,10.00,0.0,tired,,,
33.0,,,,,,,,focus,0.1500,1.0
33.1,true,0.2850,1,5.00,10.00,0.0,tired,,,
33.1,,,,,,,,focus,0.1500,1.0
33.2,true,0.2850,1,5.00,10.00,0.0,tired,,,
33.2,,,,,,,,focus,0.1500,1.0
33.3,true,0.2851,1,5.00,10.00,0.0,tired,,,
33.3,,,,,,,,focus,0.1500,1.0
33.4,true,0.2851,1,5.00,10.00,0.0,tired,,,
33.4,,,,,,,,focus,0.1500,1.0
33.5,true,0.2852,1,5.00,10.00,0.0,tired,,,
33.5,,,,,,,,focus,0.1500,1.0
33.6,true,0.2853,1,5.00,10.00,0.0,tired,,,
33.6,,,,,,,,focus,0.1500,1.0
33.7,true,0.2854,1,5.00,10.00,0.0,tired,,,
33.7,,,,,,,,focus,0.1500,1.0
33.8,true,0.2855,1,5.00,10.00,0.0,tired,,,
33.8,,,,,,,,focus,0.1500,1.0
33.9,true,0.2857,1,5.00,10.00,0.0,tired,,,
33.9,,,,,,,,focus,0.1500,1.0
34.0,true,0.2858,1,5.00,10.00,0.0,tired,,,
34.0,,,,,,,,focus,0.1500,1.0
34.1,true,0.2860,1,5.00,10.00,0.0,tired,,,
34.1,,,,,,,,focus,0.1500,1.0
34.2,true,0.2862,1,5.00,10.00,0.0,tired,,,
34.2,,,,,,,,focus,0.1500,1.0
34.3,true,0.2864,1,5.00,10.00,0.0,tired,,,
34.3,,,,,,,,focus,0.1500,1.0
34.4,true,0.2866,1,5.00,10.00,0.0,tired,,,
34.4,,,,,,,,focus,0.1500,1.0
34.5,true,0.2869,1,5.00,10.00,0.0,tired,,,
34.5,,,,,,,,focus,0.1500,1.0
34.6,true,0.2871,1,5.00,10.00,0.0,tired,,,
34.6,,,,,,,,focus,0.1500,1.0
34.7,true,0.2874,1,5.00,10.00,0.0,tired,,,
34.7,,,,,,,,focus,0.1500,1.0
34.8,true,0.2877,1,5.00,10.00,0.0,tired,,,
34.8,,,,,,,,focus,0.1500,1.0
34.9,true,0.2879,1,5.00,10.00,0.0,tired,,,
34.9,,,,,,,,focus,0.1500,1.0
35.0,true,0.2883,1,5.00,10.00,0.0,tired,,,
35.0,,,,,,,,focus,0.1500,1.0
35.1,true,0.2886,1,5.00,10.00,0.0,tired,,,
35.1,,,,,,,,focus,0.1500,1.0
35.2,true,0.2889,1,5.00,10.00,0.0,tired,,,
35.2,,,,,,,,focus,0.1500,1.0
35.3,true,0.2892,1,5.00,10.00,0.0,tired,,,
35.3,,,,,,,,focus,0.1500,1.0
35.4,true,0.2896,1,5.00,10.00,0.0,tired,,,
35.4,,,,,,,,focus,0.1500,1.0
35.5,true,0.2900,1,5.00,10.00,0.0,tired,,,
35.5,,,,,,,,focus,0.1500,1.0
35.6,true,0.2903,1,5.00,10.00,0.0,tired,,,
35.6,,,,,,,,focus,0.1500,1.0
35.7,true,0.2907,1,5.00,10.00,0.0,tired,,,
35.7,,,,,,,,focus,0.1500,1.0
35.8,true,0.2911,1,5.00,10.00,0.0,tired,,,
35.8,,,,,,,,focus,0.1500,1.0
35.9,true,0.2915,1,5.00,10.00,0.0,tired,,,
35.9,,,,,,,,focus,0.1500,1.0
36.0,true,0.1400,1,5.00,10.00,0.0,tired,,,
36.0,,,,,,,,focus,0.1500,1.0
36.1,true,0.1400,1,5.00,10.00,0.0,tired,,,
36.1,,,,,,,,focus,0.1500,1.0
36.2,true,0.2928,1,5.00,10.00,0.0,tired,,,
36.2,,,,,,,,focus,0.1500,1.0
36.3,true,0.2933,1,5.00,10.00,0.0,tired,,,
36.3,,,,,,,,focus,0.1500,1.0
36.4,true,0.2937,1,5.00,10.00,0.0,tired,,,
36.4,,,,,,,,focus,0.1500,1.0
36.5,true,0.2942,1,5.00,10.00,0.0,tired,,,
36.5,,,,,,,,focus,0.1500,1.0
36.6,true,0.2946,1,5.00,10.00,0.0,tired,,,
36.6,,,,,,,,focus,0.1500,1.0
36.7,true,0.2951,1,5.00,10.00,0.0,tired,,,
36.7,,,,,,,,focus,0.1500,1.0
36.8,true,0.2956,1,5.00,10.00,0.0,tired,,,
36.8,,,,,,,,focus,0.1500,1.0
36.9,true,0.2961,1,5.00,10.00,0.0,tired,,,
36.9,,,,,,,,focus,0.1500,1.0
37.0,true,0.2965,1,5.00,10.00,0.0,tired,,,
37.0,,,,,,,,focus,0.1500,1.0
37.1,true,0.2970,1,5.00,10.00,0.0,tired,,,
37.1,,,,,,,,focus,0.1500,1.0
37.2,true,0.2975,1,5.00,10.00,0.0,tired,,,
37.2,,,,,,,,focus,0.1500,1.0
37.3,true,0.2980,1,5.00,10.00,0.0,tired,,,
37.3,,,,,,,,focus,0.1500,1.0
37.4,true,0.2985,1,5.00,10.00,0.0,tired,,,
37.4,,,,,,,,focus,0.1500,1.0
37.5,true,0.2990,1,5.00,10.00,0.0,tired,,,
37.5,,,,,,,,focus,0.1500,1.0
37.6,true,0.2995,1,5.00,10.00,0.0,tired,,,
37.6,,,,,,,,focus,0.1500,1.0
37.7,true,0.3000,1,5.00,10.00,0.0,tired,,,
37.7,,,,,,,,focus,0.1500,1.0
37.8,true,0.3005,1,5.00,10.00,0.0,tired,,,
37.8,,,,,,,,focus,0.1500,1.0
37.9,true,0.3010,1,5.00,10.00,0.0,tired,,,
37.9,,,,,,,,focus,0.1500,1.0
38.0,true,0.3015,1,5.00,10.00,0.0,tired,,,
38.0,,,,,,,,focus,0.1500,1.0
38.1,true,0.3020,1,5.00,10.00,0.0,tired,,,
38.1,,,,,,,,focus,0.1500,1.0
38.2,true,0.3025,1,5.00,10.00,0.0,tired,,,
38.2,,,,,,,,focus,0.1500,1.0
38.3,true,0.3030,1,5.00,10.00,0.0,tired,,,
38.3,,,,,,,,focus,0.1500,1.0
38.4,true,0.3035,1,5.00,10.00,0.0,tired,,,
38.4,,,,,,,,focus,0.1500,1.0
38.5,true,0.3040,1,5.00,10.00,0.0,tired,,,
38.5,,,,,,,,focus,0.1500,1.0
38.6,true,0.3044,1,5.00,10.00,0.0,tired,,,
38.6,,,,,,,,focus,0.1500,1.0
38.7,true,0.3049,1,5.00,10.00,0.0,tired,,,
38.7,,,,,,,,focus,0.1500,1.0
38.8,true,0.3054,1,5.00,10.00,0.0,tired,,,
38.8,,,,,,,,focus,0.1500,1.0
38.9,true,0.3058,1,5.00,10.00,0.0,tired,,,
38.9,,,,,,,,focus,0.1500,1.0
39.0,true,0.3063,1,5.00,10.00,0.0,tired,,,
39.0,,,,,,,,focus,0.1500,1.0
39.1,true,0.3068,1,5.00,10.00,0.0,tired,,,
39.1,,,,,,,,focus,0.1500,1.0
39.2,true,0.3072,1,5.00,10.00,0.0,tired,,,
39.2,,,,,,,,focus,0.1500,1.0
39.3,true,0.3076,1,5.00,10.00,0.0,tired,,,
39.3,,,,,,,,focus,0.1500,1.0
39.4,true,0.3081,1,5.00,10.00,0.0,tired,,,
39.4,,,,,,,,focus,0.1500,1.0
39.5,true,0.3085,1,5.00,10.00,0.0,tired,,,
39.5,,,,,,,,focus,0.1500,1.0
39.6,true,0.3089,1,5.00,10.00,0.0,tired,,,
39.6,,,,,,,,focus,0.1500,1.0
39.7,true,0.3093,1,5.00,10.00,0.0,tired,,,
39.7,,,,,,,,focus,0.1500,1.0
39.8,true,0.3097,1,5.00,10.00,0.0,tired,,,
39.8,,,,,,,,focus,0.1500,1.0
39.9,true,0.3100,1,5.00,10.00,0.0,tired,,,
39.9,,,,,,,,focus,0.1500,1.0
40.0,true,0.1400,1,5.00,10.00,0.0,tired,,,
40.0,,,,,,,,focus,0.1500,1.0
40.1,true,0.1400,1,5.00,10.00,0.0,tired,,,
40.1,,,,,,,,focus,0.1500,1.0
40.2,true,0.3111,1,5.00,10.00,0.0,tired,,,
40.2,,,,,,,,focus,0.1500,1.0
40.3,true,0.3114,1,5.00,10.00,0.0,tired,,,
40.3,,,,,,,,focus,0.1500,1.0
40.4,true,0.3118,1,5.00,10.00,0.0,tired,,,
40.4,,,,,,,,focus,0.1500,1.0
40.5,true,0.3121,1,5.00,10.00,0.0,tired,,,
40.5,,,,,,,,focus,0.1500,1.0
40.6,true,0.3123,1,5.00,10.00,0.0,tired,,,
40.6,,,,,,,,focus,0.1500,1.0
40.7,true,0.3126,1,5.00,10.00,0.0,tired,,,
40.7,,,,,,,,focus,0.1500,1.0
40.8,true,0.3129,1,5.00,10.00,0.0,tired,,,
40.8,,,,,,,,focus,0.1500,1.0
40.9,true,0.3131,1,5.00,10.00,0.0,tired,,,
40.9,,,,,,,,focus,0.1500,1.0
41.0,true,0.3134,1,5.00,10.00,0.0,tired,,,
41.0,,,,,,,,focus,0.1500,1.0
41.1,true,0.3136,1,5.00,10.00,0.0,tired,,,
41.1,,,,,,,,focus,0.1500,1.0
41.2,true,0.3138,1,5.00,10.00,0.0,tired,,,
41.2,,,,,,,,focus,0.1500,1.0
41.3,true,0.3140,1,5.00,10.00,0.0,tired,,,
41.3,,,,,,,,focus,0.1500,1.0
41.4,true,0.3142,1,5.00,10.00,0.0,tired,,,
41.4,,,,,,,,focus,0.1500,1.0
41.5,true,0.3143,1,5.00,10.00,0.0,tired,,,
41.5,,,,,,,,focus,0.1500,1.0
41.6,true,0.3145,1,5.00,10.00,0.0,tired,,,
41.6,,,,,,,,focus,0.1500,1.0
41.7,true,0.3146,1,5.00,10.00,0.0,tired,,,
41.7,,,,,,,,focus,0.1500,1.0
41.8,true,0.3147,1,5.00,10.00,0.0,tired,,,
41.8,,,,,,,,focus,0.1500,1.0
41.9,true,0.3148,1,5.00,10.00,0.0,tired,,,
41.9,,,,,,,,focus,0.1500,1.0
42.0,true,0.3149,1,5.00,10.00,0.0,tired,,,
42.0,,,,,,,,focus,0.1500,1.0
42.1,true,0.3149,1,5.00,10.00,0.0,tired,,,
42.1,,,,,,,,focus,0.1500,1.0
42.2,true,0.3150,1,5.00,10.00,0.0,tired,,,
42.2,,,,,,,,focus,0.1500,1.0
42.3,true,0.3150,1,5.00,10.00,0.0,tired,,,
42.3,,,,,,,,focus,0.1500,1.0
42.4,true,0.3150,1,5.00,10.00,0.0,tired,,,
42.4,,,,,,,,focus,0.1500,1.0
42.5,true,0.3150,1,5.00,10.00,0.0,tired,,,
42.5,,,,,,,,focus,0.1500,1.0
42.6,true,0.3150,1,5.00,10.00,0.0,tired,,,
42.6,,,,,,,,focus,0.1500,1.0
42.7,true,0.3149,1,5.00,10.00,0.0,tired,,,
42.7,,,,,,,,focus,0.1500,1.0
42.8,true,0.3149,1,5.00,10.00,0.0,tired,,,
42.8,,,,,,,,focus,0.1500,1.0
42.9,true,0.3148,1,5.00,10.00,0.0,tired,,,
42.9,,,,,,,,focus,0.1500,1.0
43.0,true,0.3147,1,5.00,10.00,0.0,tired,,,
43.0,,,,,,,,focus,0.1500,1.0
43.1,true,0.3146,1,5.00,10.00,0.0,tired,,,
43.1,,,,,,,,focus,0.1500,1.0
43.2,true,0.3145,1,5.00,10.00,0.0,tired,,,
43.2,,,,,,,,focus,0.1500,1.0
43.3,true,0.3143,1,5.00,10.00,0.0,tired,,,
43.3,,,,,,,,focus,0.1500,1.0
43.4,true,0.3142,1,5.00,10.00,0.0,tired,,,
43.4,,,,,,,,focus,0.1500,1.0
43.5,true,0.3140,1,5.00,10.00,0.0,tired,,,
43.5,,,,,,,,focus,0.1500,1.0
43.6,true,0.3138,1,5.00,10.00,0.0,tired,,,
43.6,,,,,,,,focus,0.1500,1.0
43.7,true,0.3136,1,5.00,10.00,0.0,tired,,,
43.7,,,,,,,,focus,0.1500,1.0
43.8,true,0.3134,1,5.00,10.00,0.0,tired,,,
43.8,,,,,,,,focus,0.1500,1.0
43.9,true,0.3132,1,5.00,10.00,0.0,tired,,,
43.9,,,,,,,,focus,0.1500,1.0
44.0,true,0.1400,1,5.00,10.00,0.0,tired,,,
44.0,,,,,,,,focus,0.1500,1.0
44.1,true,0.1400,1,5.00,10.00,0.0,tired,,,
44.1,,,,,,,,focus,0.1500,1.0
44.2,true,0.3124,1,5.00,10.00,0.0,tired,,,
44.2,,,,,,,,focus,0.1500,1.0
44.3,true,0.3121,1,5.00,10.00,0.0,tired,,,
44.3,,,,,,,,focus,0.1500,1.0
44.4,true,0.3118,1,5.00,10.00,0.0,tired,,,
44.4,,,,,,,,focus,0.1500,1.0
44.5,true,0.3115,1,5.00,10.00,0.0,tired,,,
44.5,,,,,,,,focus,0.1500,1.0
44.6,true,0.3112,1,5.00,10.00,0.0,tired,,,
44.6,,,,,,,,focus,0.1500,1.0
44.7,true,0.3108,1,5.00,10.00,0.0,tired,,,
44.7,,,,,,,,focus,0.1500,1.0
44.8,true,0.3105,1,5.00,10.00,0.0,tired,,,
44.8,,,,,,,,focus,0.1500,1.0
44.9,true,0.3101,1,5.00,10.00,0.0,tired,,,
44.9,,,,,,,,focus,0.1500,1.0
45.0,true,0.3098,1,5.00,10.00,0.0,tired,,,
45.0,,,,,,,,focus,0.1500,1.0
45.1,true,0.3094,1,5.00,10.00,0.0,tired,,,
45.1,,,,,,,,focus,0.1500,1.0
45.2,true,0.3090,1,5.00,10.00,0.0,tired,,,
45.2,,,,,,,,focus,0.1500,1.0
45.3,true,0.3086,1,5.00,10.00,0.0,tired,,,
45.3,,,,,,,,focus,0.1500,1.0
45.4,true,0.3082,1,5.00,10.00,0.0,tired,,,
45.4,,,,,,,,focus,0.1500,1.0
45.5,true,0.3077,1,5.00,10.00,0.0,tired,,,
45.5,,,,,,,,focus,0.1500,1.0
45.6,true,0.3073,1,5.00,10.00,0.0,tired,,,
45.6,,,,,,,,focus,0.1500,1.0
45.7,true,0.3069,1,5.00,10.00,0.0,tired,,,
45.7,,,,,,,,focus,0.1500,1.0
45.8,true,0.3064,1,5.00,10.00,0.0,tired,,,
45.8,,,,,,,,focus,0.1500,1.0
45.9,true,0.3060,1,5.00,10.00,0.0,tired,,,
45.9,,,,,,,,focus,0.1500,1.0
46.0,true,0.3055,1,5.00,10.00,0.0,tired,,,
46.0,,,,,,,,focus,0.1500,1.0
46.1,true,0.3050,1,5.00,10.00,0.0,tired,,,
46.1,,,,,,,,focus,0.1500,1.0
46.2,true,0.3045,1,5.00,10.00,0.0,tired,,,
46.2,,,,,,,,focus,0.1500,1.0
46.3,true,0.3041,1,5.00,10.00,0.0,tired,,,
46.3,,,,,,,,focus,0.1500,1.0
46.4,true,0.3036,1,5.00,10.00,0.0,tired,,,
46.4,,,,,,,,focus,0.1500,1.0
46.5,true,0.3031,1,5.00,10.00,0.0,tired,,,
46.5,,,,,,,,focus,0.1500,1.0
46.6,true,0.3026,1,5.00,10.00,0.0,tired,,,
46.6,,,,,,,,focus,0.1500,1.0
46.7,true,0.3021,1,5.00,10.00,0.0,tired,,,
46.7,,,,,,,,focus,0.1500,1.0
46.8,true,0.3016,1,5.00,10.00,0.0,tired,,,
46.8,,,,,,,,focus,0.1500,1.0
46.9,true,0.3011,1,5.00,10.00,0.0,tired,,,
46.9,,,,,,,,focus,0.1500,1.0
47.0,true,0.3006,1,5.00,10.00,0.0,tired,,,
47.0,,,,,,,,focus,0.1500,1.0
47.1,true,0.3001,1,5.00,10.00,0.0,tired,,,
47.1,,,,,,,,focus,0.1500,1.0
47.2,true,0.2996,1,5.00,10.00,0.0,tired,,,
47.2,,,,,,,,focus,0.1500,1.0
47.3,true,0.2991,1,5.00,10.00,0.0,tired,,,
47.3,,,,,,,,focus,0.1500,1.0
47.4,true,0.2986,1,5.00,10.00,0.0,tired,,,
47.4,,,,,,,,focus,0.1500,1.0
47.5,true,0.2981,1,5.00,10.00,0.0,tired,,,
47.5,,,,,,,,focus,0.1500,1.0
47.6,true,0.2976,1,5.00,10.00,0.0,tired,,,
47.6,,,,,,,,focus,0.1500,1.0
47.7,true,0.2971,1,5.00,10.00,0.0,tired,,,
47.7,,,,,,,,focus,0.1500,1.0
47.8,true,0.2966,1,5.00,10.00,0.0,tired,,,
47.8,,,,,,,,focus,0.1500,1.0
47.9,true,0.2962,1,5.00,10.00,0.0,tired,,,
47.9,,,,,,,,focus,0.1500,1.0
48.0,true,0.1400,1,5.00,10.00,0.0,tired,,,
48.0,,,,,,,,focus,0.1500,1.0
48.1,true,0.1400,1,5.00,10.00,0.0,tired,,,
48.1,,,,,,,,focus,0.1500,1.0
48.2,true,0.2947,1,5.00,10.00,0.0,tired,,,
48.2,,,,,,,,focus,0.1500,1.0
48.3,true,0.2943,1,5.00,10.00,0.0,tired,,,
48.3,,,,,,,,focus,0.1500,1.0
48.4,true,0.2938,1,5.00,10.00,0.0,tired,,,
48.4,,,,,,,,focus,0.1500,1.0
48.5,true,0.2934,1,5.00,10.00,0.0,tired,,,
48.5,,,,,,,,focus,0.1500,1.0
48.6,true,0.2929,1,5.00,10.00,0.0,tired,,,
48.6,,,,,,,,focus,0.1500,1.0
48.7,true,0.2925,1,5.00,10.00,0.0,tired,,,
48.7,,,,,,,,focus,0.1500,1.0
48.8,true,0.2920,1,5.00,10.00,0.0,tired,,,
48.8,,,,,,,,focus,0.1500,1.0
48.9,true,0.2916,1,5.00,10.00,0.0,tired,,,
48.9,,,,,,,,focus,0.1500,1.0
49.0,true,0.2912,1,5.00,10.00,0.0,tired,,,
49.0,,,,,,,,focus,0.1500,1.0
49.1,true,0.2908,1,5.00,10.00,0.0,tired,,,
49.1,,,,,,,,focus,0.1500,1.0
49.2,true,0.2904,1,5.00,10.00,0.0,tired,,,
49.2,,,,,,,,focus,0.1500,1.0
49.3,true,0.2900,1,5.00,10.00,0.0,tired,,,
49.3,,,,,,,,focus,0.1500,1.0
49.4,true,0.2897,1,5.00,10.00,0.0,tired,,,
49.4,,,,,,,,focus,0.1500,1.0
49.5,true,0.2893,1,5.00,10.00,0.0,tired,,,
49.5,,,,,,,,focus,0.1500,1.0
49.6,true,0.2890,1,5.00,10.00,0.0,tired,,,
49.6,,,,,,,,focus,0.1500,1.0
49.7,true,0.2886,1,5.00,10.00,0.0,tired,,,
49.7,,,,,,,,focus,0.1500,1.0
49.8,true,0.2883,1,5.00,10.00,0.0,tired,,,
49.8,,,,,,,,focus,0.1500,1.0
49.9,true,0.2880,1,5.00,10.00,0.0,tired,,,
49.9,,,,,,,,focus,0.1500,1.0
50.0,true,0.2877,1,5.00,10.00,0.0,tired,,,
50.0,,,,,,,,focus,0.1500,1.0
50.1,true,0.2874,1,5.00,10.00,0.0,tired,,,
50.1,,,,,,,,focus,0.1500,1.0
50.2,true,0.2872,1,5.00,10.00,0.0,tired,,,
50.2,,,,,,,,focus,0.1500,1.0
50.3,true,0.2869,1,5.00,10.00,0.0,tired,,,
50.3,,,,,,,,focus,0.1500,1.0
50.4,true,0.2867,1,5.00,10.00,0.0,tired,,,
50.4,,,,,,,,focus,0.1500,1.0
50.5,true,0.2865,1,5.00,10.00,0.0,tired,,,
50.5,,,,,,,,focus,0.1500,1.0
50.6,true,0.2863,1,5.00,10.00,0.0,tired,,,
50.6,,,,,,,,focus,0.1500,1.0
50.7,true,0.2861,1,5.00,10.00,0.0,tired,,,
50.7,,,,,,,,focus,0.1500,1.0
50.8,true,0.2859,1,5.00,10.00,0.0,tired,,,
50.8,,,,,,,,focus,0.1500,1.0
50.9,true,0.2857,1,5.00,10.00,0.0,tired,,,
50.9,,,,,,,,focus,0.1500,1.0
51.0,true,0.2856,1,5.00,10.00,0.0,tired,,,
51.0,,,,,,,,focus,0.1500,1.0
51.1,true,0.2854,1,5.00,10.00,0.0,tired,,,
51.1,,,,,,,,focus,0.1500,1.0
51.2,true,0.2853,1,5.00,10.00,0.0,tired,,,
51.2,,,,,,,,focus,0.1500,1.0
51.3,true,0.2852,1,5.00,10.00,0.0,tired,,,
51.3,,,,,,,,focus,0.1500,1.0
51.4,true,0.2852,1,5.00,10.00,0.0,tired,,,
51.4,,,,,,,,focus,0.1500,1.0
51.5,true,0.2851,1,5.00,10.00,0.0,tired,,,
51.5,,,,,,,,focus,0.1500,1.0
51.6,true,0.2850,1,5.00,10.00,0.0,tired,,,
51.6,,,,,,,,focus,0.1500,1.0
51.7,true,0.2850,1,5.00,10.00,0.0,tired,,,
51.7,,,,,,,,focus,0.1500,1.0
51.8,true,0.2850,1,5.00,10.00,0.0,tired,,,
51.8,,,,,,,,focus,0.1500,1.0
51.9,true,0.2850,1,5.00,10.00,0.0,tired,,,
51.9,,,,,,,,focus,0.1500,1.0
52.0,true,0.1400,1,5.00,10.00,0.0,tired,,,
52.0,,,,,,,,focus,0.1500,1.0
52.1,true,0.1400,1,5.00,10.00,0.0,tired,,,
52.1,,,,,,,,focus,0.1500,1.0
52.2,true,0.2851,1,5.00,10.00,0.0,tired,,,
52.2,,,,,,,,focus,0.1500,1.0
52.3,true,0.2852,1,5.00,10.00,0.0,tired,,,
52.3,,,,,,,,focus,0.1500,1.0
52.4,true,0.2853,1,5.00,10.00,0.0,tired,,,
52.4,,,,,,,,focus,0.1500,1.0
52.5,true,0.2854,1,5.00,10.00,0.0,tired,,,
52.5,,,,,,,,focus,0.1500,1.0
52.6,true,0.2855,1,5.00,10.00,0.0,tired,,,
52.6,,,,,,,,focus,0.1500,1.0
52.7,true,0.2856,1,5.00,10.00,0.0,tired,,,
52.7,,,,,,,,focus,0.1500,1.0
52.8,true,0.2858,1,5.00,10.00,0.0,tired,,,
52.8,,,,,,,,focus,0.1500,1.0
52.9,true,0.2859,1,5.00,10.00,0.0,tired,,,
52.9,,,,,,,,focus,0.1500,1.0
53.0,true,0.2861,1,5.00,10.00,0.0,tired,,,
53.0,,,,,,,,focus,0.1500,1.0
53.1,true,0.2863,1,5.00,10.00,0.0,tired,,,
53.1,,,,,,,,focus,0.1500,1.0
53.2,true,0.2865,1,5.00,10.00,0.0,tired,,,
53.2,,,,,,,,focus,0.1500,1.0
53.3,true,0.2868,1,5.00,10.00,0.0,tired,,,
53.3,,,,,,,,focus,0.1500,1.0
53.4,true,0.2870,1,5.00,10.00,0.0,tired,,,
53.4,,,,,,,,focus,0.1500,1.0
53.5,true,0.2872,1,5.00,10.00,0.0,tired,,,
53.5,,,,,,,,focus,0.1500,1.0
53.6,true,0.2875,1,5.00,10.00,0.0,tired,,,
53.6,,,,,,,,focus,0.1500,1.0
53.7,true,0.2878,1,5.00,10.00,0.0,tired,,,
53.7,,,,,,,,focus,0.1500,1.0
53.8,true,0.2881,1,5.00,10.00,0.0,tired,,,
53.8,,,,,,,,focus,0.1500,1.0
53.9,true,0.2884,1,5.00,10.00,0.0,tired,,,
53.9,,,,,,,,focus,0.1500,1.0
54.0,true,0.2887,1,5.00,10.00,0.0,tired,,,
54.0,,,,,,,,focus,0.1500,1.0
54.1,true,0.2891,1,5.00,10.00,0.0,tired,,,
54.1,,,,,,,,focus,0.1500,1.0
54.2,true,0.2894,1,5.00,10.00,0.0,tired,,,
54.2,,,,,,,,focus,0.1500,1.0
54.3,true,0.2898,1,5.00,10.00,0.0,tired,,,
54.3,,,,,,,,focus,0.1500,1.0
54.4,true,0.2902,1,5.00,10.00,0.0,tired,,,
54.4,,,,,,,,focus,0.1500,1.0
54.5,true,0.2905,1,5.00,10.00,0.0,tired,,,
54.5,,,,,,,,focus,0.1500,1.0
54.6,true,0.2909,1,5.00,10.00,0.0,tired,,,
54.6,,,,,,,,focus,0.1500,1.0
54.7,true,0.2913,1,5.00,10.00,0.0,tired,,,
54.7,,,,,,,,focus,0.1500,1.0
54.8,true,0.2917,1,5.00,10.00,0.0,tired,,,
54.8,,,,,,,,focus,0.1500,1.0
54.9,true,0.2922,1,5.00,10.00,0.0,tired,,,
54.9,,,,,,,,focus,0.1500,1.0
55.0,true,0.2926,1,5.00,10.00,0.0,tired,,,
55.0,,,,,,,,focus,0.1500,1.0
55.1,true,0.2930,1,5.00,10.00,0.0,tired,,,
55.1,,,,,,,,focus,0.1500,1.0
55.2,true,0.2935,1,5.00,10.00,0.0,tired,,,
55.2,,,,,,,,focus,0.1500,1.0
55.3,true,0.2939,1,5.00,10.00,0.0,tired,,,
55.3,,,,,,,,focus,0.1500,1.0
55.4,true,0.2944,1,5.00,10.00,0.0,tired,,,
55.4,,,,,,,,focus,0.1500,1.0
55.5,true,0.2949,1,5.00,10.00,0.0,tired,,,
55.5,,,,,,,,focus,0.1500,1.0
55.6,true,0.2953,1,5.00,10.00,0.0,tired,,,
55.6,,,,,,,,focus,0.1500,1.0
55.7,true,0.2958,1,5.00,10.00,0.0,tired,,,
55.7,,,,,,,,focus,0.1500,1.0
55.8,true,0.2963,1,5.00,10.00,0.0,tired,,,
55.8,,,,,,,,focus,0.1500,1.0
55.9,true,0.2968,1,5.00,10.00,0.0,tired,,,
55.9,,,,,,,,focus,0.1500,1.0
56.0,true,0.1400,1,5.00,10.00,0.0,tired,,,
56.0,,,,,,,,focus,0.1500,1.0
56.1,true,0.1400,1,5.00,10.00,0.0,tired,,,
56.1,,,,,,,,focus,0.1500,1.0
56.2,true,0.2983,1,5.00,10.00,0.0,tired,,,
56.2,,,,,,,,focus,0.1500,1.0
56.3,true,0.2988,1,5.00,10.00,0.0,tired,,,
56.3,,,,,,,,focus,0.1500,1.0
56.4,true,0.2993,1,5.00,10.00,0.0,tired,,,
56.4,,,,,,,,focus,0.1500,1.0
56.5,true,0.2998,1,5.00,10.00,0.0,tired,,,
56.5,,,,,,,,focus,0.1500,1.0
56.6,true,0.3003,1,5.00,10.00,0.0,tired,,,
56.6,,,,,,,,focus,0.1500,1.0
56.7,true,0.3008,1,5.00,10.00,0.0,tired,,,
56.7,,,,,,,,focus,0.1500,1.0
56.8,true,0.3013,1,5.00,10.00,0.0,tired,,,
56.8,,,,,,,,focus,0.1500,1.0
56.9,true,0.3018,1,5.00,10.00,0.0,tired,,,
56.9,,,,,,,,focus,0.1500,1.0
57.0,true,0.3022,1,5.00,10.00,0.0,tired,,,
57.0,,,,,,,,focus,0.1500,1.0
57.1,true,0.3027,1,5.00,10.00,0.0,tired,,,
57.1,,,,,,,,focus,0.1500,1.0
57.2,true,0.3032,1,5.00,10.00,0.0,tired,,,
57.2,,,,,,,,focus,0.1500,1.0
57.3,true,0.3037,1,5.00,10.00,0.0,tired,,,
57.3,,,,,,,,focus,0.1500,1.0
57.4,true,0.3042,1,5.00,10.00,0.0,tired,,,
57.4,,,,,,,,focus,0.1500,1.0
57.5,true,0.3047,1,5.00,10.00,0.0,tired,,,
57.5,,,,,,,,focus,0.1500,1.0
57.6,true,0.3051,1,5.00,10.00,0.0,tired,,,
57.6,,,,,,,,focus,0.1500,1.0
57.7,true,0.3056,1,5.00,10.00,0.0,tired,,,
57.7,,,,,,,,focus,0.1500,1.0
57.8,true,0.3061,1,5.00,10.00,0.0,tired,,,
57.8,,,,,,,,focus,0.1500,1.0
57.9,true,0.3065,1,5.00,10.00,0.0,tired,,,
57.9,,,,,,,,focus,0.1500,1.0
58.0,true,0.3070,1,5.00,10.00,0.0,tired,,,
58.0,,,,,,,,focus,0.1500,1.0
58.1,true,0.3074,1,5.00,10.00,0.0,tired,,,
58.1,,,,,,,,focus,0.1500,1.0
58.2,true,0.3078,1,5.00,10.00,0.0,tired,,,
58.2,,,,,,,,focus,0.1500,1.0
58.3,true,0.3083,1,5.00,10.00,0.0,tired,,,
58.3,,,,,,,,focus,0.1500,1.0
58.4,true,0.3087,1,5.00,10.00,0.0,tired,,,
58.4,,,,,,,,focus,0.1500,1.0
58.5,true,0.3091,1,5.00,10.00,0.0,tired,,,
58.5,,,,,,,,focus,0.1500,1.0
58.6,true,0.3095,1,5.00,10.00,0.0,tired,,,
58.6,,,,,,,,focus,0.1500,1.0
58.7,true,0.3099,1,5.00,10.00,0.0,tired,,,
58.7,,,,,,,,focus,0.1500,1.0
58.8,true,0.3102,1,5.00,10.00,0.0,tired,,,
58.8,,,,,,,,focus,0.1500,1.0
58.9,true,0.3106,1,5.00,10.00,0.0,tired,,,
58.9,,,,,,,,focus,0.1500,1.0
59.0,true,0.3109,1,5.00,10.00,0.0,tired,,,
59.0,,,,,,,,focus,0.1500,1.0
59.1,true,0.3113,1,5.00,10.00,0.0,tired,,,
59.1,,,,,,,,focus,0.1500,1.0
59.2,true,0.3116,1,5.00,10.00,0.0,tired,,,
59.2,,,,,,,,focus,0.1500,1.0
59.3,true,0.3119,1,5.00,10.00,0.0,tired,,,
59.3,,,,,,,,focus,0.1500,1.0
59.4,true,0.3122,1,5.00,10.00,0.0,tired,,,
59.4,,,,,,,,focus,0.1500,1.0
59.5,true,0.3125,1,5.00,10.00,0.0,tired,,,
59.5,,,,,,,,focus,0.1500,1.0
59.6,true,0.3128,1,5.00,10.00,0.0,tired,,,
59.6,,,,,,,,focus,0.1500,1.0
59.7,true,0.3130,1,5.00,10.00,0.0,tired,,,
59.7,,,,,,,,focus,0.1500,1.0
59.8,true,0.3133,1,5.00,10.00,0.0,tired,,,
59.8,,,,,,,,focus,0.1500,1.0
59.9,true,0.3135,1,5.00,10.00,0.0,tired,,,
59.9,,,,,,,,focus,0.1500,1.0
60.0,true,0.1400,1,5.00,10.00,0.0,tired,,,
60.0,,,,,,,,focus,0.1500,1.0
60.1,true,0.1400,1,5.00,10.00,0.0,tired,,,
60.1,,,,,,,,focus,0.1500,1.0
60.2,true,0.3141,1,5.00,10.00,0.0,tired,,,
60.2,,,,,,,,focus,0.1500,1.0
60.3,true,0.3142,1,5.00,10.00,0.0,tired,,,
60.3,,,,,,,,focus,0.1500,1.0
60.4,true,0.3144,1,5.00,10.00,0.0,tired,,,
60.4,,,,,,,,focus,0.1500,1.0
60.5,true,0.3145,1,5.00,10.00,0.0,tired,,,
60.5,,,,,,,,focus,0.1500,1.0
60.6,true,0.3146,1,5.00,10.00,0.0,tired,,,
60.6,,,,,,,,focus,0.1500,1.0
60.7,true,0.3147,1,5.00,10.00,0.0,tired,,,
60.7,,,,,,,,focus,0.1500,1.0
60.8,true,0.3148,1,5.00,10.00,0.0,tired,,,
60.8,,,,,,,,focus,0.1500,1.0
60.9,true,0.3149,1,5.00,10.00,0.0,tired,,,
60.9,,,,,,,,focus,0.1500,1.0
61.0,true,0.3149,1,5.00,10.00,0.0,tired,,,
61.0,,,,,,,,focus,0.1500,1.0
61.1,true,0.3150,1,5.00,10.00,0.0,tired,,,
61.1,,,,,,,,focus,0.1500,1.0
61.2,true,0.3150,1,5.00,10.00,0.0,tired,,,
61.2,,,,,,,,focus,0.1500,1.0
61.3,true,0.3150,1,5.00,10.00,0.0,tired,,,
61.3,,,,,,,,focus,0.1500,1.0
61.4,true,0.3150,1,5.00,10.00,0.0,tired,,,
61.4,,,,,,,,focus,0.1500,1.0
61.5,true,0.3150,1,5.00,10.00,0.0,tired,,,
61.5,,,,,,,,focus,0.1500,1.0
61.6,true,0.3149,1,5.00,10.00,0.0,tired,,,
61.6,,,,,,,,focus,0.1500,1.0
61.7,true,0.3148,1,5.00,10.00,0.0,tired,,,
61.7,,,,,,,,focus,0.1500,1.0
61.8,true,0.3148,1,5.00,10.00,0.0,tired,,,
61.8,,,,,,,,focus,0.1500,1.0
61.9,true,0.3147,1,5.00,10.00,0.0,tired,,,
61.9,,,,,,,,focus,0.1500,1.0
62.0,true,0.3145,1,5.00,10.00,0.0,tired,,,
62.0,,,,,,,,focus,0.1500,1.0
62.1,true,0.3144,1,5.00,10.00,0.0,tired,,,
62.1,,,,,,,,focus,0.1500,1.0
62.2,true,0.3143,1,5.00,10.00,0.0,tired,,,
62.2,,,,,,,,focus,0.1500,1.0
62.3,true,0.3141,1,5.00,10.00,0.0,tired,,,
62.3,,,,,,,,focus,0.1500,1.0
62.4,true,0.3139,1,5.00,10.00,0.0,tired,,,
62.4,,,,,,,,focus,0.1500,1.0
62.5,true,0.3137,1,5.00,10.00,0.0,tired,,,
62.5,,,,,,,,focus,0.1500,1.0
62.6,true,0.3135,1,5.00,10.00,0.0,tired,,,
62.6,,,,,,,,focus,0.1500,1.0
62.7,true,0.3133,1,5.00,10.00,0.0,tired,,,
62.7,,,,,,,,focus,0.1500,1.0
62.8,true,0.3131,1,5.00,10.00,0.0,tired,,,
62.8,,,,,,,,focus,0.1500,1.0
62.9,true,0.3128,1,5.00,10.00,0.0,tired,,,
62.9,,,,,,,,focus,0.1500,1.0
63.0,true,0.3125,1,5.00,10.00,0.0,tired,,,
63.0,,,,,,,,focus,0.1500,1.0
63.1,true,0.3123,1,5.00,10.00,0.0,tired,,,
63.1,,,,,,,,focus,0.1500,1.0
63.2,true,0.3120,1,5.00,10.00,0.0,tired,,,
63.2,,,,,,,,focus,0.1500,1.0
63.3,true,0.3117,1,5.00,10.00,0.0,tired,,,
63.3,,,,,,,,focus,0.1500,1.0
63.4,true,0.3113,1,5.00,10.00,0.0,tired,,,
63.4,,,,,,,,focus,0.1500,1.0
63.5,true,0.3110,1,5.00,10.00,0.0,tired,,,
63.5,,,,,,,,focus,0.1500,1.0
63.6,true,0.3107,1,5.00,10.00,0.0,tired,,,
63.6,,,,,,,,focus,0.1500,1.0
63.7,true,0.3103,1,5.00,10.00,0.0,tired,,,
63.7,,,,,,,,focus,0.1500,1.0
63.8,true,0.3099,1,5.00,10.00,0.0,tired,,,
63.8,,,,,,,,focus,0.1500,1.0
63.9,true,0.3096,1,5.00,10.00,0.0,tired,,,
63.9,,,,,,,,focus,0.1500,1.0
64.0,true,0.1400,1,5.00,10.00,0.0,tired,,,
64.0,,,,,,,,focus,0.1500,1.0
64.1,true,0.1400,1,5.00,10.00,0.0,tired,,,
64.1,,,,,,,,focus,0.1500,1.0
64.2,true,0.3084,1,5.00,10.00,0.0,tired,,,
64.2,,,,,,,,focus,0.1500,1.0
64.3,true,0.3079,1,5.00,10.00,0.0,tired,,,
64.3,,,,,,,,focus,0.1500,1.0
64.4,true,0.3075,1,5.00,10.00,0.0,tired,,,
64.4,,,,,,,,focus,0.1500,1.0
64.5,true,0.3071,1,5.00,10.00,0.0,tired,,,
64.5,,,,,,,,focus,0.1500,1.0
64.6,true,0.3066,1,5.00,10.00,0.0,tired,,,
64.6,,,,,,,,focus,0.1500,1.0
64.7,true,0.3062,1,5.00,10.00,0.0,tired,,,
64.7,,,,,,,,focus,0.1500,1.0
64.8,true,0.3057,1,5.00,10.00,0.0,tired,,,
64.8,,,,,,,,focus,0.1500,1.0
64.9,true,0.3053,1,5.00,10.00,0.0,tired,,,
64.9,,,,,,,,focus,0.1500,1.0
65.0,true,0.3048,1,22.00,38.00,0.0,tired,,,
65.0,,,,,,,,focus,0.9000,1.0
65.1,true,0.3043,1,22.00,38.00,0.0,tired,,,
65.1,,,,,,,,focus,0.9000,1.0
65.2,true,0.3038,1,22.00,38.00,0.0,tired,,,
65.2,,,,,,,,focus,0.9000,1.0
65.3,true,0.3033,1,22.00,38.00,0.0,tired,,,
65.3,,,,,,,,focus,0.9000,1.0
65.4,true,0.3028,1,22.00,38.00,0.0,tired,,,
65.4,,,,,,,,focus,0.9000,1.0
65.5,true,0.3024,1,22.00,38.00,0.0,tired,,,
65.5,,,,,,,,focus,0.9000,1.0
65.6,true,0.3019,1,22.00,38.00,0.0,tired,,,
65.6,,,,,,,,focus,0.9000,1.0
65.7,true,0.3014,1,22.00,38.00,0.0,tired,,,
65.7,,,,,,,,focus,0.9000,1.0
65.8,true,0.3009,1,22.00,38.00,0.0,tired,,,
65.8,,,,,,,,focus,0.9000,1.0
65.9,true,0.3004,1,22.00,38.00,0.0,tired,,,
65.9,,,,,,,,focus,0.9000,1.0
66.0,true,0.2999,1,22.00,38.00,0.0,tired,,,
66.0,,,,,,,,focus,0.9000,1.0
66.1,true,0.2994,1,22.00,38.00,0.0,tired,,,
66.1,,,,,,,,focus,0.9000,1.0
66.2,true,0.2989,1,22.00,38.00,0.0,tired,,,
66.2,,,,,,,,focus,0.9000,1.0
66.3,true,0.2984,1,22.00,38.00,0.0,tired,,,
66.3,,,,,,,,focus,0.9000,1.0
66.4,true,0.2979,1,22.00,38.00,0.0,tired,,,
66.4,,,,,,,,focus,0.9000,1.0
66.5,true,0.2974,1,22.00,38.00,0.0,tired,,,
66.5,,,,,,,,focus,0.9000,1.0
66.6,true,0.2969,1,22.00,38.00,0.0,tired,,,
66.6,,,,,,,,focus,0.9000,1.0
66.7,true,0.2964,1,22.00,38.00,0.0,tired,,,
66.7,,,,,,,,focus,0.9000,1.0
66.8,true,0.2959,1,22.00,38.00,0.0,tired,,,
66.8,,,,,,,,focus,0.9000,1.0
66.9,true,0.2954,1,22.00,38.00,0.0,tired,,,
66.9,,,,,,,,focus,0.9000,1.0
67.0,true,0.2950,1,22.00,38.00,0.0,tired,,,
67.0,,,,,,,,focus,0.9000,1.0
67.1,true,0.2945,1,22.00,38.00,0.0,tired,,,
67.1,,,,,,,,focus,0.9000,1.0
67.2,true,0.2940,1,22.00,38.00,0.0,tired,,,
67.2,,,,,,,,focus,0.9000,1.0
67.3,true,0.2936,1,22.00,38.00,0.0,tired,,,
67.3,,,,,,,,focus,0.9000,1.0
67.4,true,0.2931,1,22.00,38.00,0.0,tired,,,
67.4,,,,,,,,focus,0.9000,1.0
67.5,true,0.2927,1,22.00,38.00,0.0,tired,,,
67.5,,,,,,,,focus,0.9000,1.0
67.6,true,0.2923,1,22.00,38.00,0.0,tired,,,
67.6,,,,,,,,focus,0.9000,1.0
67.7,true,0.2918,1,22.00,38.00,0.0,tired,,,
67.7,,,,,,,,focus,0.9000,1.0
67.8,true,0.2914,1,22.00,38.00,0.0,tired,,,
67.8,,,,,,,,focus,0.9000,1.0
67.9,true,0.2910,1,22.00,38.00,0.0,tired,,,
67.9,,,,,,,,focus,0.9000,1.0
68.0,true,0.1400,1,22.00,38.00,0.0,tired,,,
68.0,,,,,,,,focus,0.9000,1.0
68.1,true,0.1400,1,22.00,38.00,0.0,tired,,,
68.1,,,,,,,,focus,0.9000,1.0
68.2,true,0.2899,1,22.00,38.00,0.0,tired,,,
68.2,,,,,,,,focus,0.9000,1.0
68.3,true,0.2895,1,22.00,38.00,0.0,tired,,,
68.3,,,,,,,,focus,0.9000,1.0
68.4,true,0.2891,1,22.00,38.00,0.0,tired,,,
68.4,,,,,,,,focus,0.9000,1.0
68.5,true,0.2888,1,22.00,38.00,0.0,tired,,,
68.5,,,,,,,,focus,0.9000,1.0
68.6,true,0.2885,1,22.00,38.00,0.0,tired,,,
68.6,,,,,,,,focus,0.9000,1.0
68.7,true,0.2882,1,22.00,38.00,0.0,tired,,,
68.7,,,,,,,,focus,0.9000,1.0
68.8,true,0.2879,1,22.00,38.00,0.0,tired,,,
68.8,,,,,,,,focus,0.9000,1.0
68.9,true,0.2876,1,22.00,38.00,0.0,tired,,,
68.9,,,,,,,,focus,0.9000,1.0
69.0,true,0.2873,1,22.00,38.00,0.0,tired,,,
69.0,,,,,,,,focus,0.9000,1.0
69.1,true,0.2870,1,22.00,38.00,0.0,tired,,,
69.1,,,,,,,,focus,0.9000,1.0
69.2,true,0.2868,1,22.00,38.00,0.0,tired,,,
69.2,,,,,,,,focus,0.9000,1.0
69.3,true,0.2866,1,22.00,38.00,0.0,tired,,,
69.3,,,,,,,,focus,0.9000,1.0
69.4,true,0.2864,1,22.00,38.00,0.0,tired,,,
69.4,,,,,,,,focus,0.9000,1.0
69.5,true,0.2862,1,22.00,38.00,0.0,tired,,,
69.5,,,,,,,,focus,0.9000,1.0
69.6,true,0.2860,1,22.00,38.00,0.0,tired,,,
69.6,,,,,,,,focus,0.9000,1.0
69.7,true,0.2858,1,22.00,38.00,0.0,tired,,,
69.7,,,,,,,,focus,0.9000,1.0
69.8,true,0.2856,1,22.00,38.00,0.0,tired,,,
69.8,,,,,,,,focus,0.9000,1.0
69.9,true,0.2855,1,22.00,38.00,0.0,tired,,,
69.9,,,,,,,,focus,0.9000,1.0
70.0,true,0.2854,1,22.00,38.00,0.0,tired,,,
70.0,,,,,,,,focus,0.9000,1.0
70.1,true,0.2853,1,22.00,38.00,0.0,tired,,,
70.1,,,,,,,,focus,0.9000,1.0
70.2,true,0.2852,1,22.00,38.00,0.0,tired,,,
70.2,,,,,,,,focus,0.9000,1.0
70.3,true,0.2851,1,22.00,38.00,0.0,tired,,,
70.3,,,,,,,,focus,0.9000,1.0
70.4,true,0.2851,1,22.00,38.00,0.0,tired,,,
70.4,,,,,,,,focus,0.9000,1.0
70.5,true,0.2850,1,22.00,38.00,0.0,tired,,,
70.5,,,,,,,,focus,0.9000,1.0
70.6,true,0.2850,1,22.00,38.00,0.0,tired,,,
70.6,,,,,,,,focus,0.9000,1.0
70.7,true,0.2850,1,22.00,38.00,0.0,tired,,,
70.7,,,,,,,,focus,0.9000,1.0
70.8,true,0.2850,1,22.00,38.00,0.0,tired,,,
70.8,,,,,,,,focus,0.9000,1.0
70.9,true,0.2850,1,22.00,38.00,0.0,tired,,,
70.9,,,,,,,,focus,0.9000,1.0
71.0,true,0.2851,1,22.00,38.00,0.0,tired,,,
71.0,,,,,,,,focus,0.9000,1.0
71.1,true,0.2851,1,22.00,38.00,0.0,tired,,,
71.1,,,,,,,,focus,0.9000,1.0
71.2,true,0.2852,1,22.00,38.00,0.0,tired,,,
71.2,,,,,,,,focus,0.9000,1.0
71.3,true,0.2853,1,22.00,38.00,0.0,tired,,,
71.3,,,,,,,,focus,0.9000,1.0
71.4,true,0.2854,1,22.00,38.00,0.0,tired,,,
71.4,,,,,,,,focus,0.9000,1.0
71.5,true,0.2855,1,22.00,38.00,0.0,tired,,,
71.5,,,,,,,,focus,0.9000,1.0
71.6,true,0.2857,1,22.00,38.00,0.0,tired,,,
71.6,,,,,,,,focus,0.9000,1.0
71.7,true,0.2858,1,22.00,38.00,0.0,tired,,,
71.7,,,,,,,,focus,0.9000,1.0
71.8,true,0.2860,1,22.00,38.00,0.0,tired,,,
71.8,,,,,,,,focus,0.9000,1.0
71.9,true,0.2862,1,22.00,38.00,0.0,tired,,,
71.9,,,,,,,,focus,0.9000,1.0
72.0,true,0.1400,1,22.00,38.00,0.0,tired,,,
72.0,,,,,,,,focus,0.9000,1.0
72.1,true,0.1400,1,22.00,38.00,0.0,tired,,,
72.1,,,,,,,,focus,0.9000,1.0
72.2,true,0.2869,1,22.00,38.00,0.0,tired,,,
72.2,,,,,,,,focus,0.9000,1.0
72.3,true,0.2871,1,22.00,38.00,0.0,tired,,,
72.3,,,,,,,,focus,0.9000,1.0
72.4,true,0.2874,1,22.00,38.00,0.0,tired,,,
72.4,,,,,,,,focus,0.9000,1.0
72.5,true,0.2877,1,22.00,38.00,0.0,tired,,,
72.5,,,,,,,,focus,0.9000,1.0
72.6,true,0.2880,1,22.00,38.00,0.0,tired,,,
72.6,,,,,,,,focus,0.9000,1.0
72.7,true,0.2883,1,22.00,38.00,0.0,tired,,,
72.7,,,,,,,,focus,0.9000,1.0
72.8,true,0.2886,1,22.00,38.00,0.0,tired,,,
72.8,,,,,,,,focus,0.9000,1.0
72.9,true,0.2889,1,22.00,38.00,0.0,tired,,,
72.9,,,,,,,,focus,0.9000,1.0
73.0,true,0.2892,1,22.00,38.00,0.0,tired,,,
73.0,,,,,,,,focus,0.9000,1.0
73.1,true,0.2896,1,22.00,38.00,0.0,tired,,,
73.1,,,,,,,,focus,0.9000,1.0
73.2,true,0.2900,1,22.00,38.00,0.0,tired,,,
73.2,,,,,,,,focus,0.9000,1.0
73.3,true,0.2903,1,22.00,38.00,0.0,tired,,,
73.3,,,,,,,,focus,0.9000,1.0
73.4,true,0.2907,1,22.00,38.00,0.0,tired,,,
73.4,,,,,,,,focus,0.9000,1.0
73.5,true,0.2911,1,22.00,38.00,0.0,tired,,,
73.5,,,,,,,,focus,0.9000,1.0
73.6,true,0.2915,1,22.00,38.00,0.0,tired,,,
73.6,,,,,,,,focus,0.9000,1.0
73.7,true,0.2920,1,22.00,38.00,0.0,tired,,,
73.7,,,,,,,,focus,0.9000,1.0
73.8,true,0.2924,1,22.00,38.00,0.0,tired,,,
73.8,,,,,,,,focus,0.9000,1.0
73.9,true,0.2928,1,22.00,38.00,0.0,tired,,,
73.9,,,,,,,,focus,0.9000,1.0
74.0,true,0.2933,1,22.00,38.00,0.0,tired,,,
74.0,,,,,,,,focus,0.9000,1.0
74.1,true,0.2937,1,22.00,38.00,0.0,tired,,,
74.1,,,,,,,,focus,0.9000,1.0
74.2,true,0.2942,1,22.00,38.00,0.0,tired,,,
74.2,,,,,,,,focus,0.9000,1.0
74.3,true,0.2946,1,22.00,38.00,0.0,tired,,,
74.3,,,,,,,,focus,0.9000,1.0
74.4,true,0.2951,1,22.00,38.00,0.0,tired,,,
74.4,,,,,,,,focus,0.9000,1.0
74.5,true,0.2956,1,22.00,38.00,0.0,tired,,,
74.5,,,,,,,,focus,0.9000,1.0
74.6,true,0.2961,1,22.00,38.00,0.0,tired,,,
74.6,,,,,,,,focus,0.9000,1.0
74.7,true,0.2965,1,22.00,38.00,0.0,tired,,,
74.7,,,,,,,,focus,0.9000,1.0
74.8,true,0.2970,1,22.00,38.00,0.0,tired,,,
74.8,,,,,,,,focus,0.9000,1.0
74.9,true,0.2975,1,22.00,38.00,0.0,tired,,,
74.9,,,,,,,,focus,0.9000,1.0
75.0,true,0.2980,1,22.00,38.00,0.0,tired,,,
75.0,,,,,,,,focus,0.9000,1.0
75.1,true,0.2985,1,22.00,38.00,0.0,tired,,,
75.1,,,,,,,,focus,0.9000,1.0
75.2,true,0.2990,1,22.00,38.00,0.0,tired,,,
75.2,,,,,,,,focus,0.9000,1.0
75.3,true,0.2995,1,22.00,38.00,0.0,tired,,,
75.3,,,,,,,,focus,0.9000,1.0
75.4,true,0.3000,1,22.00,38.00,0.0,tired,,,
75.4,,,,,,,,focus,0.9000,1.0
75.5,true,0.3005,1,22.00,38.00,0.0,tired,,,
75.5,,,,,,,,focus,0.9000,1.0
75.6,true,0.3010,1,22.00,38.00,0.0,tired,,,
75.6,,,,,,,,focus,0.9000,1.0
75.7,true,0.3015,1,22.00,38.00,0.0,tired,,,
75.7,,,,,,,,focus,0.9000,1.0
75.8,true,0.3020,1,22.00,38.00,0.0,tired,,,
75.8,,,,,,,,focus,0.9000,1.0
75.9,true,0.3025,1,22.00,38.00,0.0,tired,,,
75.9,,,,,,,,focus,0.9000,1.0
76.0,true,0.1400,1,22.00,38.00,0.0,tired,,,
76.0,,,,,,,,focus,0.9000,1.0
76.1,true,0.1400,1,22.00,38.00,0.0,tired,,,
76.1,,,,,,,,focus,0.9000,1.0
76.2,true,0.3040,1,22.00,38.00,0.0,tired,,,
76.2,,,,,,,,focus,0.9000,1.0
76.3,true,0.3044,1,22.00,38.00,0.0,tired,,,
76.3,,,,,,,,focus,0.9000,1.0
76.4,true,0.3049,1,22.00,38.00,0.0,tired,,,
76.4,,,,,,,,focus,0.9000,1.0
76.5,true,0.3054,1,22.00,38.00,0.0,tired,,,
76.5,,,,,,,,focus,0.9000,1.0
76.6,true,0.3058,1,22.00,38.00,0.0,tired,,,
76.6,,,,,,,,focus,0.9000,1.0
76.7,true,0.3063,1,22.00,38.00,0.0,tired,,,
76.7,,,,,,,,focus,0.9000,1.0
76.8,true,0.3068,1,22.00,38.00,0.0,tired,,,
76.8,,,,,,,,focus,0.9000,1.0
76.9,true,0.3072,1,22.00,38.00,0.0,tired,,,
76.9,,,,,,,,focus,0.9000,1.0
77.0,true,0.3076,1,22.00,38.00,0.0,tired,,,
77.0,,,,,,,,focus,0.9000,1.0
77.1,true,0.3081,1,22.00,38.00,0.0,tired,,,
77.1,,,,,,,,focus,0.9000,1.0
77.2,true,0.3085,1,22.00,38.00,0.0,tired,,,
77.2,,,,,,,,focus,0.9000,1.0
77.3,true,0.3089,1,22.00,38.00,0.0,tired,,,
77.3,,,,,,,,focus,0.9000,1.0
77.4,true,0.3093,1,22.00,38.00,0.0,tired,,,
77.4,,,,,,,,focus,0.9000,1.0
77.5,true,0.3097,1,22.00,38.00,0.0,tired,,,
77.5,,,,,,,,focus,0.9000,1.0
77.6,true,0.3100,1,22.00,38.00,0.0,tired,,,
77.6,,,,,,,,focus,0.9000,1.0
77.7,true,0.3104,1,22.00,38.00,0.0,tired,,,
77.7,,,,,,,,focus,0.9000,1.0
77.8,true,0.3108,1,22.00,38.00,0.0,tired,,,
77.8,,,,,,,,focus,0.9000,1.0
77.9,true,0.3111,1,22.00,38.00,0.0,tired,,,
77.9,,,,,,,,focus,0.9000,1.0
78.0,true,0.3114,1,22.00,38.00,0.0,tired,,,
78.0,,,,,,,,focus,0.9000,1.0
78.1,true,0.3118,1,22.00,38.00,0.0,tired,,,
78.1,,,,,,,,focus,0.9000,1.0
78.2,true,0.3121,1,22.00,38.00,0.0,tired,,,
78.2,,,,,,,,focus,0.9000,1.0
78.3,true,0.3123,1,22.00,38.00,0.0,tired,,,
78.3,,,,,,,,focus,0.9000,1.0
78.4,true,0.3126,1,22.00,38.00,0.0,tired,,,
78.4,,,,,,,,focus,0.9000,1.0
78.5,true,0.3129,1,22.00,38.00,0.0,tired,,,
78.5,,,,,,,,focus,0.9000,1.0
78.6,true,0.3131,1,22.00,38.00,0.0,tired,,,
78.6,,,,,,,,focus,0.9000,1.0
78.7,true,0.3134,1,22.00,38.00,0.0,tired,,,
78.7,,,,,,,,focus,0.9000,1.0
78.8,true,0.3136,1,22.00,38.00,0.0,tired,,,
78.8,,,,,,,,focus,0.9000,1.0
78.9,true,0.3138,1,22.00,38.00,0.0,tired,,,
78.9,,,,,,,,focus,0.9000,1.0
79.0,true,0.3140,1,22.00,38.00,0.0,tired,,,
79.0,,,,,,,,focus,0.9000,1.0
79.1,true,0.3142,1,22.00,38.00,0.0,tired,,,
79.1,,,,,,,,focus,0.9000,1.0
79.2,true,0.3143,1,22.00,38.00,0.0,tired,,,
79.2,,,,,,,,focus,0.9000,1.0
79.3,true,0.3145,1,22.00,38.00,0.0,tired,,,
79.3,,,,,,,,focus,0.9000,1.0
79.4,true,0.3146,1,22.00,38.00,0.0,tired,,,
79.4,,,,,,,,focus,0.9000,1.0
79.5,true,0.3147,1,22.00,38.00,0.0,tired,,,
79.5,,,,,,,,focus,0.9000,1.0
79.6,true,0.3148,1,22.00,38.00,0.0,tired,,,
79.6,,,,,,,,focus,0.9000,1.0
79.7,true,0.3149,1,22.00,38.00,0.0,tired,,,
79.7,,,,,,,,focus,0.9000,1.0
79.8,true,0.3149,1,22.00,38.00,0.0,tired,,,
79.8,,,,,,,,focus,0.9000,1.0
79.9,true,0.3150,1,22.00,38.00,0.0,tired,,,
79.9,,,,,,,,focus,0.9000,1.0
80.0,true,0.1400,1,22.00,38.00,0.0,tired,,,
80.0,,,,,,,,focus,0.9000,1.0
80.1,true,0.1400,1,22.00,38.00,0.0,tired,,,
80.1,,,,,,,,focus,0.9000,1.0
80.2,true,0.3150,1,22.00,38.00,0.0,tired,,,
80.2,,,,,,,,focus,0.9000,1.0
80.3,true,0.3150,1,22.00,38.00,0.0,tired,,,
80.3,,,,,,,,focus,0.9000,1.0
80.4,true,0.3149,1,22.00,38.00,0.0,tired,,,
80.4,,,,,,,,focus,0.9000,1.0
80.5,true,0.3149,1,22.00,38.00,0.0,tired,,,
80.5,,,,,,,,focus,0.9000,1.0
80.6,true,0.3148,1,22.00,38.00,0.0,tired,,,
80.6,,,,,,,,focus,0.9000,1.0
80.7,true,0.3147,1,22.00,38.00,0.0,tired,,,
80.7,,,,,,,,focus,0.9000,1.0
80.8,true,0.3146,1,22.00,38.00,0.0,tired,,,
80.8,,,,,,,,focus,0.9000,1.0
80.9,true,0.3145,1,22.00,38.00,0.0,tired,,,
80.9,,,,,,,,focus,0.9000,1.0
81.0,true,0.3143,1,22.00,38.00,0.0,tired,,,
81.0,,,,,,,,focus,0.9000,1.0
81.1,true,0.3142,1,22.00,38.00,0.0,tired,,,
81.1,,,,,,,,focus,0.9000,1.0
81.2,true,0.3140,1,22.00,38.00,0.0,tired,,,
81.2,,,,,,,,focus,0.9000,1.0
81.3,true,0.3138,1,22.00,38.00,0.0,tired,,,
81.3,,,,,,,,focus,0.9000,1.0
81.4,true,0.3136,1,22.00,38.00,0.0,tired,,,
81.4,,,,,,,,focus,0.9000,1.0
81.5,true,0.3134,1,22.00,38.00,0.0,tired,,,
81.5,,,,,,,,focus,0.9000,1.0
81.6,true,0.3132,1,22.00,38.00,0.0,tired,,,
81.6,,,,,,,,focus,0.9000,1.0
81.7,true,0.3129,1,22.00,38.00,0.0,tired,,,
81.7,,,,,,,,focus,0.9000,1.0
81.8,true,0.3127,1,22.00,38.00,0.0,tired,,,
81.8,,,,,,,,focus,0.9000,1.0
81.9,true,0.3124,1,22.00,38.00,0.0,tired,,,
81.9,,,,,,,,focus,0.9000,1.0
82.0,true,0.3121,1,22.00,38.00,0.0,tired,,,
82.0,,,,,,,,focus,0.9000,1.0
82.1,true,0.3118,1,22.00,38.00,0.0,tired,,,
82.1,,,,,,,,focus,0.9000,1.0
82.2,true,0.3115,1,22.00,38.00,0.0,tired,,,
82.2,,,,,,,,focus,0.9000,1.0
82.3,true,0.3112,1,22.00,38.00,0.0,tired,,,
82.3,,,,,,,,focus,0.9000,1.0
82.4,true,0.3108,1,22.00,38.00,0.0,tired,,,
82.4,,,,,,,,focus,0.9000,1.0
82.5,true,0.3105,1,22.00,38.00,0.0,tired,,,
82.5,,,,,,,,focus,0.9000,1.0
82.6,true,0.3101,1,22.00,38.00,0.0,tired,,,
82.6,,,,,,,,focus,0.9000,1.0
82.7,true,0.3098,1,22.00,38.00,0.0,tired,,,
82.7,,,,,,,,focus,0.9000,1.0
82.8,true,0.3094,1,22.00,38.00,0.0,tired,,,
82.8,,,,,,,,focus,0.9000,1.0
82.9,true,0.3090,1,22.00,38.00,0.0,tired,,,
82.9,,,,,,,,focus,0.9000,1.0
83.0,true,0.3086,1,22.00,38.00,0.0,tired,,,
83.0,,,,,,,,focus,0.9000,1.0
83.1,true,0.3081,1,22.00,38.00,0.0,tired,,,
83.1,,,,,,,,focus,0.9000,1.0
83.2,true,0.3077,1,22.00,38.00,0.0,tired,,,
83.2,,,,,,,,focus,0.9000,1.0
83.3,true,0.3073,1,22.00,38.00,0.0,tired,,,
83.3,,,,,,,,focus,0.9000,1.0
83.4,true,0.3069,1,22.00,38.00,0.0,tired,,,
83.4,,,,,,,,focus,0.9000,1.0
83.5,true,0.3064,1,22.00,38.00,0.0,tired,,,
83.5,,,,,,,,focus,0.9000,1.0
83.6,true,0.3059,1,22.00,38.00,0.0,tired,,,
83.6,,,,,,,,focus,0.9000,1.0
83.7,true,0.3055,1,22.00,38.00,0.0,tired,,,
83.7,,,,,,,,focus,0.9000,1.0
83.8,true,0.3050,1,22.00,38.00,0.0,tired,,,
83.8,,,,,,,,focus,0.9000,1.0
83.9,true,0.3045,1,22.00,38.00,0.0,tired,,,
83.9,,,,,,,,focus,0.9000,1.0
84.0,true,0.1400,1,22.00,38.00,0.0,tired,,,
84.0,,,,,,,,focus,0.9000,1.0
84.1,true,0.1400,1,22.00,38.00,0.0,tired,,,
84.1,,,,,,,,focus,0.9000,1.0
84.2,true,0.3031,1,22.00,38.00,0.0,tired,,,
84.2,,,,,,,,focus,0.9000,1.0
84.3,true,0.3026,1,22.00,38.00,0.0,tired,,,
84.3,,,,,,,,focus,0.9000,1.0
84.4,true,0.3021,1,22.00,38.00,0.0,tired,,,
84.4,,,,,,,,focus,0.9000,1.0
84.5,true,0.3016,1,22.00,38.00,0.0,tired,,,
84.5,,,,,,,,focus,0.9000,1.0
84.6,true,0.3011,1,22.00,38.00,0.0,tired,,,
84.6,,,,,,,,focus,0.9000,1.0
84.7,true,0.3006,1,22.00,38.00,0.0,tired,,,
84.7,,,,,,,,focus,0.9000,1.0
84.8,true,0.3001,1,22.00,38.00,0.0,tired,,,
84.8,,,,,,,,focus,0.9000,1.0
84.9,true,0.2996,1,22.00,38.00,0.0,tired,,,
84.9,,,,,,,,focus,0.9000,1.0
85.0,true,0.2991,1,22.00,38.00,0.0,tired,,,
85.0,,,,,,,,focus,0.9000,1.0
85.1,true,0.2986,1,22.00,38.00,0.0,tired,,,
85.1,,,,,,,,focus,0.9000,1.0
85.2,true,0.2981,1,22.00,38.00,0.0,tired,,,
85.2,,,,,,,,focus,0.9000,1.0
85.3,true,0.2976,1,22.00,38.00,0.0,tired,,,
85.3,,,,,,,,focus,0.9000,1.0
85.4,true,0.2971,1,22.00,38.00,0.0,tired,,,
85.4,,,,,,,,focus,0.9000,1.0
85.5,true,0.2966,1,22.00,38.00,0.0,tired,,,
85.5,,,,,,,,focus,0.9000,1.0
85.6,true,0.2962,1,22.00,38.00,0.0,tired,,,
85.6,,,,,,,,focus,0.9000,1.0
85.7,true,0.2957,1,22.00,38.00,0.0,tired,,,
85.7,,,,,,,,focus,0.9000,1.0
85.8,true,0.2952,1,22.00,38.00,0.0,tired,,,
85.8,,,,,,,,focus,0.9000,1.0
85.9,true,0.2947,1,22.00,38.00,0.0,tired,,,
85.9,,,,,,,,focus,0.9000,1.0
86.0,true,0.2943,1,22.00,38.00,0.0,tired,,,
86.0,,,,,,,,focus,0.9000,1.0
86.1,true,0.2938,1,22.00,38.00,0.0,tired,,,
86.1,,,,,,,,focus,0.9000,1.0
86.2,true,0.2934,1,22.00,38.00,0.0,tired,,,
86.2,,,,,,,,focus,0.9000,1.0
86.3,true,0.2929,1,22.00,38.00,0.0,tired,,,
86.3,,,,,,,,focus,0.9000,1.0
86.4,true,0.2925,1,22.00,38.00,0.0,tired,,,
86.4,,,,,,,,focus,0.9000,1.0
86.5,true,0.2920,1,22.00,38.00,0.0,tired,,,
86.5,,,,,,,,focus,0.9000,1.0
86.6,true,0.2916,1,22.00,38.00,0.0,tired,,,
86.6,,,,,,,,focus,0.9000,1.0
86.7,true,0.2912,1,22.00,38.00,0.0,tired,,,
86.7,,,,,,,,focus,0.9000,1.0
86.8,true,0.2908,1,22.00,38.00,0.0,tired,,,
86.8,,,,,,,,focus,0.9000,1.0
86.9,true,0.2904,1,22.00,38.00,0.0,tired,,,
86.9,,,,,,,,focus,0.9000,1.0
87.0,true,0.2900,1,22.00,38.00,0.0,tired,,,
87.0,,,,,,,,focus,0.9000,1.0
87.1,true,0.2897,1,22.00,38.00,0.0,tired,,,
87.1,,,,,,,,focus,0.9000,1.0
87.2,true,0.2893,1,22.00,38.00,0.0,tired,,,
87.2,,,,,,,,focus,0.9000,1.0
87.3,true,0.2890,1,22.00,38.00,0.0,tired,,,
87.3,,,,,,,,focus,0.9000,1.0
87.4,true,0.2886,1,22.00,38.00,0.0,tired,,,
87.4,,,,,,,,focus,0.9000,1.0
87.5,true,0.2883,1,22.00,38.00,0.0,tired,,,
87.5,,,,,,,,focus,0.9000,1.0
87.6,true,0.2880,1,22.00,38.00,0.0,tired,,,
87.6,,,,,,,,focus,0.9000,1.0
87.7,true,0.2877,1,22.00,38.00,0.0,tired,,,
87.7,,,,,,,,focus,0.9000,1.0
87.8,true,0.2874,1,22.00,38.00,0.0,tired,,,
87.8,,,,,,,,focus,0.9000,1.0
87.9,true,0.2872,1,22.00,38.00,0.0,tired,,,
87.9,,,,,,,,focus,0.9000,1.0
88.0,true,0.1400,1,22.00,38.00,0.0,tired,,,
88.0,,,,,,,,focus,0.9000,1.0
88.1,true,0.1400,1,22.00,38.00,0.0,tired,,,
88.1,,,,,,,,focus,0.9000,1.0
88.2,true,0.2865,1,22.00,38.00,0.0,tired,,,
88.2,,,,,,,,focus,0.9000,1.0
88.3,true,0.2863,1,22.00,38.00,0.0,tired,,,
88.3,,,,,,,,focus,0.9000,1.0
88.4,true,0.2861,1,22.00,38.00,0.0,tired,,,
88.4,,,,,,,,focus,0.9000,1.0
88.5,true,0.2859,1,22.00,38.00,0.0,tired,,,
88.5,,,,,,,,focus,0.9000,1.0
88.6,true,0.2857,1,22.00,38.00,0.0,tired,,,
88.6,,,,,,,,focus,0.9000,1.0
88.7,true,0.2856,1,22.00,38.00,0.0,tired,,,
88.7,,,,,,,,focus,0.9000,1.0
88.8,true,0.2854,1,22.00,38.00,0.0,tired,,,
88.8,,,,,,,,focus,0.9000,1.0
88.9,true,0.2853,1,22.00,38.00,0.0,tired,,,
88.9,,,,,,,,focus,0.9000,1.0
89.0,true,0.2852,1,22.00,38.00,0.0,tired,,,
89.0,,,,,,,,focus,0.9000,1.0
89.1,true,0.2852,1,22.00,38.00,0.0,tired,,,
89.1,,,,,,,,focus,0.9000,1.0
89.2,true,0.2851,1,22.00,38.00,0.0,tired,,,
89.2,,,,,,,,focus,0.9000,1.0
89.3,true,0.2850,1,22.00,38.00,0.0,tired,,,
89.3,,,,,,,,focus,0.9000,1.0
89.4,true,0.2850,1,22.00,38.00,0.0,tired,,,
89.4,,,,,,,,focus,0.9000,1.0
89.5,true,0.2850,1,22.00,38.00,0.0,tired,,,
89.5,,,,,,,,focus,0.9000,1.0
89.6,true,0.2850,1,22.00,38.00,0.0,tired,,,
89.6,,,,,,,,focus,0.9000,1.0
89.7,true,0.2850,1,22.00,38.00,0.0,tired,,,
89.7,,,,,,,,focus,0.9000,1.0
89.8,true,0.2851,1,22.00,38.00,0.0,tired,,,
89.8,,,,,,,,focus,0.9000,1.0
89.9,true,0.2851,1,22.00,38.00,0.0,tired,,,
89.9,,,,,,,,focus,0.9000,1.0
