timestamp,emotion,fatigue
0.0,normal,0.147
0.05,normal,0.105
0.1,normal,0.125
0.15,normal,0.086
0.2,normal,0.117
0.25,normal,0.122
0.3,normal,0.101
0.35,normal,0.096
0.4,normal,0.086
0.45,normal,0.112
0.5,normal,0.084
0.55,normal,0.077
0.6,normal,0.147
0.65,normal,0.085
0.7,normal,0.091
0.75,normal,0.11
0.8,normal,0.118
0.85,normal,0.111
0.9,normal,0.111
0.95,normal,0.099
1.0,normal,0.091
1.05,normal,0.123
1.1,normal,0.108
1.15,normal,0.1
1.2,normal,0.085
1.25,normal,0.114
1.3,normal,0.087
1.35,normal,0.11
1.4,normal,0.06
1.45,normal,0.125
1.5,normal,0.051
1.55,normal,0.131
1.6,normal,0.104
1.65,normal,0.147
1.7,normal,0.088
1.75,normal,0.103
1.8,normal,0.097
1.85,normal,0.09
1.9,normal,0.124
1.95,normal,0.124
2.0,normal,0.13
2.05,normal,0.146
2.1,normal,0.093
2.15,normal,0.103
2.2,normal,0.133
2.25,normal,0.088
2.3,normal,0.08
2.35,normal,0.118
2.4,normal,0.135
2.45,normal,0.109
2.5,normal,0.124
2.55,normal,0.125
2.6,normal,0.138
2.65,normal,0.119
2.7,normal,0.098
2.75,normal,0.138
2.8,normal,0.161
2.85,normal,0.106
2.9,normal,0.082
2.95,normal,0.123
3.0,normal,0.126
3.05,normal,0.102
3.1,normal,0.152
3.15,normal,0.11
3.2,normal,0.136
3.25,normal,0.109
3.3,normal,0.157
3.35,normal,0.127
3.4,normal,0.119
3.45,normal,0.108
3.5,normal,0.111
3.55,normal,0.152
3.6,normal,0.117
3.65,normal,0.106
3.7,normal,0.141
3.75,normal,0.125
3.8,normal,0.139
3.85,normal,0.135
3.9,normal,0.137
3.95,normal,0.171
4.0,normal,0.121
4.05,normal,0.104
4.1,normal,0.146
4.15,normal,0.148
4.2,normal,0.125
4.25,normal,0.125
4.3,normal,0.11
4.35,normal,0.099
4.4,normal,0.118
4.45,normal,0.109
4.5,normal,0.136
4.55,normal,0.159
4.6,normal,0.122
4.65,normal,0.127
4.7,normal,0.134
4.75,normal,0.086
4.8,normal,0.125
4.85,normal,0.131
4.9,normal,0.132
4.95,normal,0.136
5.0,normal,0.134
5.05,normal,0.114
5.1,normal,0.114
5.15,normal,0.141
5.2,normal,0.15
5.25,normal,0.122
5.3,normal,0.127
5.35,normal,0.127
5.4,normal,0.117
5.45,normal,0.142
5.5,normal,0.142
5.55,normal,0.2
5.6,normal,0.132
5.65,normal,0.146
5.7,normal,0.095
5.75,normal,0.15
5.8,normal,0.158
5.85,normal,0.152
5.9,normal,0.166
5.95,normal,0.136
6.0,normal,0.139
6.05,normal,0.179
6.1,normal,0.126
6.15,normal,0.148
6.2,normal,0.127
6.25,normal,0.151
6.3,normal,0.168
6.35,normal,0.145
6.4,normal,0.171
6.45,normal,0.145
6.5,normal,0.134
6.55,normal,0.135
6.6,normal,0.127
6.65,normal,0.135
6.7,normal,0.152
6.75,normal,0.131
6.8,normal,0.158
6.85,normal,0.151
6.9,normal,0.114
6.95,normal,0.185
7.0,normal,0.183
7.05,normal,0.122
7.1,normal,0.141
7.15,normal,0.144
7.2,normal,0.149
7.25,normal,0.166
7.3,normal,0.132
7.35,normal,0.179
7.4,normal,0.159
7.45,normal,0.149
7.5,normal,0.131
7.55,normal,0.151
7.6,normal,0.193
7.65,normal,0.121
7.7,normal,0.111
7.75,normal,0.174
7.8,normal,0.165
7.85,normal,0.151
7.9,normal,0.154
7.95,normal,0.178
8.0,normal,0.175
8.05,normal,0.165
8.1,normal,0.13
8.15,normal,0.17
8.2,normal,0.141
8.25,normal,0.091
8.3,normal,0.129
8.35,normal,0.151
8.4,normal,0.145
8.45,normal,0.116
8.5,normal,0.161
8.55,normal,0.153
8.6,normal,0.172
8.65,normal,0.182
8.7,normal,0.162
8.75,normal,0.158
8.8,normal,0.131
8.85,normal,0.156
8.9,normal,0.144
8.95,normal,0.125
9.0,normal,0.168
9.05,normal,0.165
9.1,normal,0.14
9.15,normal,0.158
9.2,normal,0.196
9.25,normal,0.188
9.3,normal,0.185
9.35,normal,0.139
9.4,normal,0.141
9.45,normal,0.163
9.5,normal,0.121
9.55,normal,0.19
9.6,normal,0.178
9.65,normal,0.192
9.7,normal,0.159
9.75,normal,0.155
9.8,normal,0.156
9.85,normal,0.148
9.9,normal,0.152
9.95,normal,0.201
10.0,normal,0.169
10.05,normal,0.18
10.1,normal,0.186
10.15,normal,0.164
10.2,normal,0.15
10.25,normal,0.167
10.3,normal,0.182
10.35,normal,0.176
10.4,normal,0.147
10.45,normal,0.169
10.5,normal,0.172
10.55,normal,0.187
10.6,normal,0.173
10.65,normal,0.183
10.7,normal,0.175
10.75,normal,0.167
10.8,normal,0.16
10.85,normal,0.176
10.9,normal,0.165
10.95,normal,0.165
11.0,normal,0.193
11.05,normal,0.181
11.1,normal,0.182
11.15,normal,0.159
11.2,normal,0.171
11.25,normal,0.153
11.3,normal,0.172
11.35,normal,0.176
11.4,normal,0.165
11.45,normal,0.149
11.5,normal,0.186
11.55,normal,0.15
11.6,normal,0.167
11.65,normal,0.188
11.7,normal,0.197
11.75,normal,0.185
11.8,normal,0.145
11.85,normal,0.162
11.9,normal,0.189
11.95,normal,0.207
12.0,normal,0.157
12.05,normal,0.158
12.1,normal,0.19
12.15,normal,0.175
12.2,normal,0.18
12.25,normal,0.185
12.3,normal,0.173
12.35,normal,0.171
12.4,normal,0.16
12.45,normal,0.16
12.5,normal,0.2
12.55,normal,0.183
12.6,normal,0.167
12.65,normal,0.17
12.7,normal,0.147
12.75,normal,0.19
12.8,normal,0.184
12.85,normal,0.215
12.9,normal,0.19
12.95,normal,0.199
13.0,normal,0.188
13.05,normal,0.187
13.1,normal,0.159
13.15,normal,0.16
13.2,normal,0.172
13.25,normal,0.19
13.3,normal,0.158
13.35,normal,0.188
13.4,normal,0.206
13.45,normal,0.196
13.5,normal,0.198
13.55,normal,0.233
13.6,normal,0.182
13.65,normal,0.202
13.7,normal,0.218
13.75,normal,0.176
13.8,normal,0.191
13.85,normal,0.194
13.9,normal,0.198
13.95,normal,0.178
14.0,normal,0.2
14.05,normal,0.201
14.1,normal,0.203
14.15,normal,0.194
14.2,normal,0.167
14.25,normal,0.177
14.3,normal,0.185
14.35,normal,0.179
14.4,normal,0.162
14.45,normal,0.188
14.5,normal,0.2
14.55,normal,0.191
14.6,normal,0.184
14.65,normal,0.178
14.7,normal,0.186
14.75,normal,0.176
14.8,normal,0.213
14.85,normal,0.226
14.9,normal,0.202
14.95,normal,0.188
15.0,tired,0.548
15.05,tired,0.58
15.1,tired,0.52
15.15,tired,0.517
15.2,tired,0.565
15.25,tired,0.539
15.3,tired,0.544
15.35,tired,0.541
15.4,tired,0.521
15.45,tired,0.531
15.5,tired,0.557
15.55,tired,0.551
15.6,tired,0.54
15.65,tired,0.51
15.7,tired,0.55
15.75,tired,0.536
15.8,tired,0.555
15.85,tired,0.571
15.9,tired,0.533
15.95,tired,0.591
16.0,tired,0.522
16.05,tired,0.531
16.1,tired,0.599
16.15,tired,0.575
16.2,tired,0.556
16.25,tired,0.543
16.3,tired,0.54
16.35,tired,0.56
16.4,tired,0.57
16.45,tired,0.534
16.5,tired,0.537
16.55,tired,0.529
16.6,tired,0.543
16.65,tired,0.533
16.7,tired,0.575
16.75,tired,0.548
16.8,tired,0.585
16.85,tired,0.582
16.9,tired,0.566
16.95,tired,0.527
17.0,tired,0.575
17.05,tired,0.583
17.1,tired,0.634
17.15,tired,0.578
17.2,tired,0.588
17.25,tired,0.555
17.3,tired,0.582
17.35,tired,0.545
17.4,tired,0.555
17.45,tired,0.547
17.5,tired,0.568
17.55,tired,0.602
17.6,tired,0.577
17.65,tired,0.598
17.7,tired,0.56
17.75,tired,0.598
17.8,tired,0.596
17.85,tired,0.598
17.9,tired,0.553
17.95,tired,0.55
18.0,tired,0.576
18.05,tired,0.613
18.1,tired,0.551
18.15,tired,0.618
18.2,tired,0.62
18.25,tired,0.597
18.3,tired,0.581
18.35,tired,0.592
18.4,tired,0.58
18.45,tired,0.609
18.5,tired,0.535
18.55,tired,0.59
18.6,tired,0.585
18.65,tired,0.623
18.7,tired,0.568
18.75,tired,0.575
18.8,tired,0.608
18.85,tired,0.618
18.9,tired,0.564
18.95,tired,0.602
19.0,tired,0.611
19.05,tired,0.638
19.1,tired,0.61
19.15,tired,0.6
19.2,tired,0.584
19.25,tired,0.582
19.3,tired,0.615
19.35,tired,0.601
19.4,tired,0.594
19.45,tired,0.629
19.5,tired,0.574
19.55,tired,0.607
19.6,tired,0.624
19.65,tired,0.592
19.7,tired,0.643
19.75,tired,0.615
19.8,tired,0.592
19.85,tired,0.577
19.9,tired,0.615
19.95,tired,0.603
20.0,tired,0.632
20.05,tired,0.614
20.1,tired,0.622
20.15,tired,0.603
20.2,tired,0.614
20.25,tired,0.614
20.3,tired,0.626
20.35,tired,0.603
20.4,tired,0.585
20.45,tired,0.611
20.5,tired,0.616
20.55,tired,0.601
20.6,tired,0.589
20.65,tired,0.636
20.7,tired,0.655
20.75,tired,0.616
20.8,tired,0.616
20.85,tired,0.635
20.9,tired,0.662
20.95,tired,0.634
21.0,tired,0.666
21.05,tired,0.63
21.1,tired,0.6
21.15,tired,0.61
21.2,tired,0.64
21.25,tired,0.625
21.3,tired,0.622
21.35,tired,0.61
21.4,tired,0.664
21.45,tired,0.631
21.5,tired,0.642
21.55,tired,0.637
21.6,tired,0.606
21.65,tired,0.623
21.7,tired,0.652
21.75,tired,0.644
21.8,tired,0.643
21.85,tired,0.658
21.9,tired,0.657
21.95,tired,0.658
22.0,tired,0.639
22.05,tired,0.67
22.1,tired,0.685
22.15,tired,0.641
22.2,tired,0.628
22.25,tired,0.622
22.3,tired,0.669
22.35,tired,0.676
22.4,tired,0.654
22.45,tired,0.628
22.5,tired,0.662
22.55,tired,0.65
22.6,tired,0.688
22.65,tired,0.647
22.7,tired,0.657
22.75,tired,0.676
22.8,tired,0.67
22.85,tired,0.697
22.9,tired,0.658
22.95,tired,0.686
23.0,tired,0.699
23.05,tired,0.64
23.1,tired,0.698
23.15,tired,0.641
23.2,tired,0.68
23.25,tired,0.68
23.3,tired,0.679
23.35,tired,0.638
23.4,tired,0.698
23.45,tired,0.651
23.5,tired,0.674
23.55,tired,0.665
23.6,tired,0.684
23.65,tired,0.709
23.7,tired,0.682
23.75,tired,0.669
23.8,tired,0.639
23.85,tired,0.664
23.9,tired,0.673
23.95,tired,0.653
24.0,tired,0.666
24.05,tired,0.689
24.1,tired,0.656
24.15,tired,0.678
24.2,tired,0.702
24.25,tired,0.726
24.3,tired,0.689
24.35,tired,0.703
24.4,tired,0.637
24.45,tired,0.642
24.5,tired,0.701
24.55,tired,0.677
24.6,tired,0.677
24.65,tired,0.662
24.7,tired,0.696
24.75,tired,0.669
24.8,tired,0.646
24.85,tired,0.725
24.9,tired,0.682
24.95,tired,0.706
25.0,tired,0.672
25.05,tired,0.66
25.1,tired,0.653
25.15,tired,0.68
25.2,tired,0.688
25.25,tired,0.678
25.3,tired,0.705
25.35,tired,0.704
25.4,tired,0.696
25.45,tired,0.737
25.5,tired,0.674
25.55,tired,0.705
25.6,tired,0.66
25.65,tired,0.713
25.7,tired,0.715
25.75,tired,0.729
25.8,tired,0.713
25.85,tired,0.72
25.9,tired,0.7
25.95,tired,0.725
26.0,tired,0.687
26.05,tired,0.716
26.1,tired,0.708
26.15,tired,0.722
26.2,tired,0.694
26.25,tired,0.7
26.3,tired,0.729
26.35,tired,0.7
26.4,tired,0.701
26.45,tired,0.706
26.5,tired,0.724
26.55,tired,0.693
26.6,tired,0.738
26.65,tired,0.747
26.7,tired,0.725
26.75,tired,0.71
26.8,tired,0.732
26.85,tired,0.71
26.9,tired,0.735
26.95,tired,0.746
27.0,tired,0.713
27.05,tired,0.702
27.1,tired,0.745
27.15,tired,0.73
27.2,tired,0.723
27.25,tired,0.728
27.3,tired,0.717
27.35,tired,0.715
27.4,tired,0.703
27.45,tired,0.747
27.5,tired,0.694
27.55,tired,0.698
27.6,tired,0.743
27.65,tired,0.711
27.7,tired,0.738
27.75,tired,0.747
27.8,tired,0.763
27.85,tired,0.746
27.9,tired,0.738
27.95,tired,0.747
28.0,tired,0.737
28.05,tired,0.76
28.1,tired,0.767
28.15,tired,0.754
28.2,tired,0.74
28.25,tired,0.765
28.3,tired,0.72
28.35,tired,0.716
28.4,tired,0.74
28.45,tired,0.728
28.5,tired,0.754
28.55,tired,0.739
28.6,tired,0.701
28.65,tired,0.751
28.7,tired,0.739
28.75,tired,0.762
28.8,tired,0.723
28.85,tired,0.76
28.9,tired,0.742
28.95,tired,0.763
29.0,tired,0.77
29.05,tired,0.75
29.1,tired,0.735
29.15,tired,0.701
29.2,tired,0.728
29.25,tired,0.782
29.3,tired,0.743
29.35,tired,0.745
29.4,tired,0.756
29.45,tired,0.764
29.5,tired,0.763
29.55,tired,0.76
29.6,tired,0.78
29.65,tired,0.752
29.7,tired,0.756
29.75,tired,0.753
29.8,tired,0.709
29.85,tired,0.786
29.9,tired,0.797
29.95,tired,0.757
30.0,tired,0.767
30.05,tired,0.754
30.1,tired,0.8
30.15,tired,0.786
30.2,tired,0.77
30.25,tired,0.759
30.3,tired,0.74
30.35,tired,0.808
30.4,tired,0.768
30.45,tired,0.77
30.5,tired,0.776
30.55,tired,0.765
30.6,tired,0.771
30.65,tired,0.762
30.7,tired,0.796
30.75,tired,0.792
30.8,tired,0.747
30.85,tired,0.793
30.9,tired,0.788
30.95,tired,0.785
31.0,tired,0.735
31.05,tired,0.787
31.1,tired,0.786
31.15,tired,0.758
31.2,tired,0.809
31.25,tired,0.751
31.3,tired,0.815
31.35,tired,0.815
31.4,tired,0.777
31.45,tired,0.801
31.5,tired,0.8
31.55,tired,0.804
31.6,tired,0.787
31.65,tired,0.822
31.7,tired,0.805
31.75,tired,0.791
31.8,tired,0.789
31.85,tired,0.793
31.9,tired,0.765
31.95,tired,0.797
32.0,tired,0.827
32.05,tired,0.825
32.1,tired,0.769
32.15,tired,0.822
32.2,tired,0.79
32.25,tired,0.802
32.3,tired,0.819
32.35,tired,0.836
32.4,tired,0.822
32.45,tired,0.8
32.5,tired,0.824
32.55,tired,0.78
32.6,tired,0.804
32.65,tired,0.819
32.7,tired,0.843
32.75,tired,0.77
32.8,tired,0.82
32.85,tired,0.789
32.9,tired,0.804
32.95,tired,0.81
33.0,tired,0.835
33.05,tired,0.804
33.1,tired,0.813
33.15,tired,0.821
33.2,tired,0.801
33.25,tired,0.815
33.3,tired,0.841
33.35,tired,0.81
33.4,tired,0.836
33.45,tired,0.82
33.5,tired,0.845
33.55,tired,0.83
33.6,tired,0.804
33.65,tired,0.832
33.7,tired,0.816
33.75,tired,0.824
33.8,tired,0.826
33.85,tired,0.811
33.9,tired,0.816
33.95,tired,0.847
34.0,tired,0.834
34.05,tired,0.849
34.1,tired,0.849
34.15,tired,0.818
34.2,tired,0.849
34.25,tired,0.857
34.3,tired,0.825
34.35,tired,0.82
34.4,tired,0.854
34.45,tired,0.833
34.5,tired,0.848
34.55,tired,0.835
34.6,tired,0.835
34.65,tired,0.843
34.7,tired,0.866
34.75,tired,0.873
34.8,tired,0.828
34.85,tired,0.845
34.9,tired,0.846
34.95,tired,0.833
35.0,absent,0.0
35.05,absent,0.0
35.1,absent,0.0
35.15,absent,0.0
35.2,absent,0.0
35.25,absent,0.0
35.3,absent,0.0
35.35,absent,0.0
35.4,absent,0.0
35.45,absent,0.0
35.5,absent,0.0
35.55,absent,0.0
35.6,absent,0.0
35.65,absent,0.0
35.7,absent,0.0
35.75,absent,0.0
35.8,absent,0.0
35.85,absent,0.0
35.9,absent,0.0
35.95,absent,0.0
36.0,absent,0.0
36.05,absent,0.0
36.1,absent,0.0
36.15,absent,0.0
36.2,absent,0.0
36.25,absent,0.0
36.3,absent,0.0
36.35,absent,0.0
36.4,absent,0.0
36.45,absent,0.0
36.5,absent,0.0
36.55,absent,0.0
36.6,absent,0.0
36.65,absent,0.0
36.7,absent,0.0
36.75,absent,0.0
36.8,absent,0.0
36.85,absent,0.0
36.9,absent,0.0
36.95,absent,0.0
37.0,absent,0.0
37.05,absent,0.0
37.1,absent,0.0
37.15,absent,0.0
37.2,absent,0.0
37.25,absent,0.0
37.3,absent,0.0
37.35,absent,0.0
37.4,absent,0.0
37.45,absent,0.0
37.5,absent,0.0
37.55,absent,0.0
37.6,absent,0.0
37.65,absent,0.0
37.7,absent,0.0
37.75,absent,0.0
37.8,absent,0.0
37.85,absent,0.0
37.9,absent,0.0
37.95,absent,0.0
38.0,absent,0.0
38.05,absent,0.0
38.1,absent,0.0
38.15,absent,0.0
38.2,absent,0.0
38.25,absent,0.0
38.3,absent,0.0
38.35,absent,0.0
38.4,absent,0.0
38.45,absent,0.0
38.5,absent,0.0
38.55,absent,0.0
38.6,absent,0.0
38.65,absent,0.0
38.7,absent,0.0
38.75,absent,0.0
38.8,absent,0.0
38.85,absent,0.0
38.9,absent,0.0
38.95,absent,0.0
39.0,absent,0.0
39.05,absent,0.0
39.1,absent,0.0
39.15,absent,0.0
39.2,absent,0.0
39.25,absent,0.0
39.3,absent,0.0
39.35,absent,0.0
39.4,absent,0.0
39.45,absent,0.0
39.5,absent,0.0
39.55,absent,0.0
39.6,absent,0.0
39.65,absent,0.0
39.7,absent,0.0
39.75,absent,0.0
39.8,absent,0.0
39.85,absent,0.0
39.9,absent,0.0
39.95,absent,0.0
40.0,sad,0.253
40.05,sad,0.232
40.1,sad,0.187
40.15,sad,0.156
40.2,sad,0.199
40.25,sad,0.205
40.3,sad,0.235
40.35,sad,0.196
40.4,sad,0.223
40.45,sad,0.215
40.5,sad,0.202
40.55,sad,0.216
40.6,sad,0.225
40.65,sad,0.22
40.7,sad,0.215
40.75,sad,0.205
40.8,sad,0.28
40.85,sad,0.198
40.9,sad,0.249
40.95,sad,0.248
41.0,sad,0.224
41.05,sad,0.209
41.1,sad,0.252
41.15,sad,0.214
41.2,sad,0.206
41.25,sad,0.224
41.3,sad,0.209
41.35,sad,0.241
41.4,sad,0.231
41.45,sad,0.215
41.5,sad,0.216
41.55,sad,0.23
41.6,sad,0.191
41.65,sad,0.245
41.7,sad,0.221
41.75,sad,0.234
41.8,sad,0.212
41.85,sad,0.217
41.9,sad,0.184
41.95,sad,0.233
42.0,sad,0.26
42.05,sad,0.22
42.1,sad,0.227
42.15,sad,0.217
42.2,sad,0.26
42.25,sad,0.21
42.3,sad,0.264
42.35,sad,0.241
42.4,sad,0.233
42.45,sad,0.21
42.5,sad,0.21
42.55,sad,0.23
42.6,sad,0.183
42.65,sad,0.253
42.7,sad,0.251
42.75,sad,0.229
42.8,sad,0.24
42.85,sad,0.241
42.9,sad,0.251
42.95,sad,0.199
43.0,sad,0.24
43.05,sad,0.206
43.1,sad,0.266
43.15,sad,0.196
43.2,sad,0.217
43.25,sad,0.224
43.3,sad,0.286
43.35,sad,0.241
43.4,sad,0.234
43.45,sad,0.228
43.5,sad,0.208
43.55,sad,0.238
43.6,sad,0.227
43.65,sad,0.239
43.7,sad,0.243
43.75,sad,0.249
43.8,sad,0.205
43.85,sad,0.261
43.9,sad,0.271
43.95,sad,0.22
44.0,sad,0.237
44.05,sad,0.222
44.1,sad,0.22
44.15,sad,0.237
44.2,sad,0.226
44.25,sad,0.217
44.3,sad,0.235
44.35,sad,0.199
44.4,sad,0.225
44.45,sad,0.238
44.5,sad,0.205
44.55,sad,0.221
44.6,sad,0.251
44.65,sad,0.248
44.7,sad,0.23
44.75,sad,0.19
44.8,sad,0.248
44.85,sad,0.233
44.9,sad,0.231
44.95,sad,0.252
45.0,sad,0.237
45.05,sad,0.232
45.1,sad,0.249
45.15,sad,0.213
45.2,sad,0.235
45.25,sad,0.212
45.3,sad,0.255
45.35,sad,0.226
45.4,sad,0.202
45.45,sad,0.249
45.5,sad,0.231
45.55,sad,0.222
45.6,sad,0.212
45.65,sad,0.221
45.7,sad,0.219
45.75,sad,0.223
45.8,sad,0.216
45.85,sad,0.185
45.9,sad,0.232
45.95,sad,0.236
46.0,sad,0.238
46.05,sad,0.229
46.1,sad,0.233
46.15,sad,0.232
46.2,sad,0.232
46.25,sad,0.24
46.3,sad,0.201
46.35,sad,0.205
46.4,sad,0.219
46.45,sad,0.217
46.5,sad,0.26
46.55,sad,0.233
46.6,sad,0.236
46.65,sad,0.258
46.7,sad,0.251
46.75,sad,0.224
46.8,sad,0.219
46.85,sad,0.253
46.9,sad,0.211
46.95,sad,0.222
47.0,sad,0.234
47.05,sad,0.247
47.1,sad,0.237
47.15,sad,0.245
47.2,sad,0.247
47.25,sad,0.23
47.3,sad,0.216
47.35,sad,0.223
47.4,sad,0.22
47.45,sad,0.233
47.5,sad,0.235
47.55,sad,0.233
47.6,sad,0.226
47.65,sad,0.217
47.7,sad,0.212
47.75,sad,0.196
47.8,sad,0.216
47.85,sad,0.211
47.9,sad,0.223
47.95,sad,0.251
48.0,sad,0.257
48.05,sad,0.238
48.1,sad,0.227
48.15,sad,0.237
48.2,sad,0.257
48.25,sad,0.225
48.3,sad,0.252
48.35,sad,0.253
48.4,sad,0.257
48.45,sad,0.247
48.5,sad,0.183
48.55,sad,0.242
48.6,sad,0.247
48.65,sad,0.223
48.7,sad,0.243
48.75,sad,0.264
48.8,sad,0.283
48.85,sad,0.251
48.9,sad,0.231
48.95,sad,0.243
49.0,sad,0.238
49.05,sad,0.23
49.1,sad,0.26
49.15,sad,0.229
49.2,sad,0.248
49.25,sad,0.236
49.3,sad,0.257
49.35,sad,0.219
49.4,sad,0.185
49.45,sad,0.24
49.5,sad,0.251
49.55,sad,0.274
49.6,sad,0.228
49.65,sad,0.222
49.7,sad,0.237
49.75,sad,0.23
49.8,sad,0.229
49.85,sad,0.239
49.9,sad,0.238
49.95,sad,0.238
50.0,sad,0.239
50.05,sad,0.229
50.1,sad,0.261
50.15,sad,0.254
50.2,sad,0.24
50.25,sad,0.255
50.3,sad,0.234
50.35,sad,0.249
50.4,sad,0.232
50.45,sad,0.223
50.5,sad,0.269
50.55,sad,0.244
50.6,sad,0.238
50.65,sad,0.216
50.7,sad,0.228
50.75,sad,0.227
50.8,sad,0.259
50.85,sad,0.246
50.9,sad,0.23
50.95,sad,0.267
51.0,sad,0.253
51.05,sad,0.276
51.1,sad,0.269
51.15,sad,0.257
51.2,sad,0.256
51.25,sad,0.277
51.3,sad,0.254
51.35,sad,0.23
51.4,sad,0.236
51.45,sad,0.251
51.5,sad,0.189
51.55,sad,0.256
51.6,sad,0.25
51.65,sad,0.23
51.7,sad,0.24
51.75,sad,0.232
51.8,sad,0.213
51.85,sad,0.254
51.9,sad,0.249
51.95,sad,0.274
52.0,sad,0.241
52.05,sad,0.235
52.1,sad,0.26
52.15,sad,0.271
52.2,sad,0.263
52.25,sad,0.234
52.3,sad,0.247
52.35,sad,0.268
52.4,sad,0.264
52.45,sad,0.21
52.5,sad,0.26
52.55,sad,0.251
52.6,sad,0.261
52.65,sad,0.259
52.7,sad,0.203
52.75,sad,0.245
52.8,sad,0.216
52.85,sad,0.231
52.9,sad,0.218
52.95,sad,0.214
53.0,sad,0.223
53.05,sad,0.251
53.1,sad,0.247
53.15,sad,0.264
53.2,sad,0.22
53.25,sad,0.226
53.3,sad,0.238
53.35,sad,0.251
53.4,sad,0.213
53.45,sad,0.251
53.5,sad,0.261
53.55,sad,0.27
53.6,sad,0.224
53.65,sad,0.256
53.7,sad,0.255
53.75,sad,0.249
53.8,sad,0.225
53.85,sad,0.245
53.9,sad,0.285
53.95,sad,0.251
54.0,sad,0.264
54.05,sad,0.231
54.1,sad,0.201
54.15,sad,0.272
54.2,sad,0.243
54.25,sad,0.257
54.3,sad,0.261
54.35,sad,0.275
54.4,sad,0.268
54.45,sad,0.285
54.5,sad,0.254
54.55,sad,0.261
54.6,sad,0.257
54.65,sad,0.273
54.7,sad,0.223
54.75,sad,0.236
54.8,sad,0.242
54.85,sad,0.216
54.9,sad,0.261
54.95,sad,0.268
55.0,normal,0.133
55.05,normal,0.147
55.1,normal,0.141
55.15,normal,0.146
55.2,normal,0.144
55.25,normal,0.148
55.3,normal,0.143
55.35,normal,0.142
55.4,normal,0.132
55.45,normal,0.134
55.5,normal,0.147
55.55,normal,0.146
55.6,normal,0.153
55.65,normal,0.15
55.7,normal,0.182
55.75,normal,0.134
55.8,normal,0.135
55.85,normal,0.15
55.9,normal,0.149
55.95,normal,0.13
56.0,normal,0.161
56.05,normal,0.126
56.1,normal,0.156
56.15,normal,0.132
56.2,normal,0.131
56.25,normal,0.144
56.3,normal,0.105
56.35,normal,0.165
56.4,normal,0.115
56.45,normal,0.141
56.5,normal,0.162
56.55,normal,0.148
56.6,normal,0.158
56.65,normal,0.123
56.7,normal,0.143
56.75,normal,0.154
56.8,normal,0.154
56.85,normal,0.158
56.9,normal,0.155
56.95,normal,0.105
57.0,normal,0.178
57.05,normal,0.166
57.1,normal,0.145
57.15,normal,0.202
57.2,normal,0.149
57.25,normal,0.143
57.3,normal,0.096
57.35,normal,0.164
57.4,normal,0.141
57.45,normal,0.166
57.5,normal,0.158
57.55,normal,0.177
57.6,normal,0.173
57.65,normal,0.151
57.7,normal,0.147
57.75,normal,0.132
57.8,normal,0.126
57.85,normal,0.173
57.9,normal,0.167
57.95,normal,0.152
58.0,normal,0.158
58.05,normal,0.155
58.1,normal,0.156
58.15,normal,0.174
58.2,normal,0.157
58.25,normal,0.134
58.3,normal,0.128
58.35,normal,0.138
58.4,normal,0.164
58.45,normal,0.131
58.5,normal,0.134
58.55,normal,0.174
58.6,normal,0.104
58.65,normal,0.118
58.7,normal,0.136
58.75,normal,0.137
58.8,normal,0.15
58.85,normal,0.158
58.9,normal,0.137
58.95,normal,0.126
59.0,normal,0.124
59.05,normal,0.136
59.1,normal,0.149
59.15,normal,0.136
59.2,normal,0.146
59.25,normal,0.164
59.3,normal,0.14
59.35,normal,0.173
59.4,normal,0.155
59.45,normal,0.124
59.5,normal,0.141
59.55,normal,0.145
59.6,normal,0.137
59.65,normal,0.139
59.7,normal,0.203
59.75,normal,0.12
59.8,normal,0.156
59.85,normal,0.147
59.9,normal,0.167
59.95,normal,0.147
