timestamp,has_face,ear,blink_cnt,pitch,yaw,roll,emo_feature
2.48,True,0.34,0,0.78,4.21,-2.75,normal
2.56,True,0.38,0,1.0,4.25,-2.81,normal
2.62,True,0.41,0,0.68,3.89,-2.75,normal
2.7,True,0.4,0,0.93,3.81,-2.69,normal
2.78,True,0.41,0,0.59,3.75,-2.78,normal
2.86,True,0.41,0,0.39,3.52,-2.69,normal
2.92,True,0.41,0,0.5,3.31,-2.81,normal
3.0,True,0.41,0,0.38,3.11,-2.75,normal
3.08,True,0.42,0,0.54,3.09,-2.78,normal
3.16,True,0.42,0,0.41,3.35,-2.69,blank
3.22,True,0.43,0,0.53,3.36,-2.59,blank
3.3,True,0.33,0,0.26,3.3,-2.72,blank
3.38,True,0.12,1,-0.19,3.39,-2.39,tired
3.45,True,0.26,1,0.11,3.2,-1.9,blank
3.52,True,0.34,1,-0.42,3.56,-2.1,blank
3.59,True,0.1,2,-0.36,3.41,-2.05,tired
3.67,True,0.15,2,-0.44,3.16,-1.38,tired
3.75,True,0.35,2,-0.45,3.39,-1.19,normal
3.81,True,0.39,2,-0.31,3.68,-1.49,normal
3.89,True,0.35,2,-0.42,3.64,-1.77,normal
3.97,True,0.11,3,-0.49,3.44,-1.66,tired
4.05,True,0.25,3,-0.33,4.07,-1.19,normal
4.12,True,0.36,3,-0.32,3.44,-1.53,normal
4.19,True,0.37,3,-0.97,3.91,-1.61,normal
4.27,True,0.37,3,-1.21,3.47,-1.65,normal
4.34,True,0.37,3,-1.06,3.41,-1.46,normal
4.42,True,0.38,3,-1.62,3.65,-1.33,normal
4.48,True,0.37,3,-1.87,3.12,-0.96,normal
4.56,True,0.37,3,-2.0,3.91,-0.96,normal
4.64,True,0.37,3,-2.14,3.43,-0.91,normal
4.72,True,0.37,3,-2.62,3.59,-0.93,normal
4.78,True,0.17,3,-3.11,5.34,-1.2,tired
4.86,True,0.06,4,-3.31,3.55,-2.61,tired
4.94,True,0.13,4,-6.47,3.99,-5.94,tired
5.02,True,0.27,4,-6.06,2.9,-7.78,normal
5.08,True,0.33,4,-4.76,2.0,-8.67,normal
5.16,True,0.34,4,-4.07,-1.68,-9.39,normal
5.23,True,0.33,4,-4.3,0.66,-7.54,normal
5.31,True,0.25,4,-6.24,11.96,-5.58,normal
5.38,True,0.28,4,-6.37,19.83,-3.26,normal
5.45,True,0.29,4,-5.61,27.79,-3.13,normal
5.53,True,0.32,4,-4.34,27.87,-3.66,normal
5.61,True,0.29,4,-3.76,24.14,-4.45,normal
5.67,True,0.11,5,-6.42,9.31,-4.83,tired
5.75,True,0.1,5,-9.21,-6.18,-7.11,tired
5.83,True,0.24,5,-7.92,-17.51,-8.59,normal
5.91,True,0.33,5,-9.24,-23.36,-9.97,sad
5.97,True,0.35,5,-8.93,-27.41,-9.46,sad
6.05,True,0.37,5,-7.02,-25.02,-8.07,normal
6.12,True,0.4,5,-6.07,-20.35,-7.39,normal
6.2,True,0.39,5,-2.86,-16.62,-8.45,normal
6.27,True,0.4,5,-0.63,-14.23,-8.2,normal
6.34,True,0.4,5,-0.61,-12.75,-8.34,normal
6.42,True,0.4,5,0.85,-12.42,-8.18,normal
6.5,True,0.39,5,1.47,-11.69,-7.61,normal
6.58,True,0.38,5,0.97,-12.8,-7.88,normal
6.64,True,0.39,5,1.31,-12.82,-7.89,normal
6.72,True,0.38,5,0.84,-13.35,-7.53,normal
6.8,True,0.38,5,-0.16,-13.34,-7.14,normal
6.88,True,0.38,5,-1.08,-13.47,-6.91,normal
6.94,True,0.38,5,-1.65,-12.78,-6.53,normal
7.02,True,0.38,5,-1.85,-13.21,-6.33,normal
7.09,True,0.38,5,-1.63,-12.16,-6.0,normal
7.16,True,0.37,5,-1.1,-11.69,-5.72,normal
7.23,True,0.37,5,-1.07,-11.18,-5.69,normal
7.31,True,0.37,5,-0.6,-11.0,-5.93,normal
7.39,True,0.37,5,-0.32,-10.7,-5.87,normal
7.45,True,0.37,5,-0.58,-10.37,-5.61,normal
7.53,True,0.38,5,-0.6,-10.67,-5.72,normal
7.61,True,0.39,5,-0.98,-11.11,-6.12,normal
7.69,True,0.39,5,-0.59,-11.73,-6.42,normal
7.77,True,0.4,5,-0.93,-11.95,-6.49,normal
7.83,True,0.38,5,-0.8,-12.61,-6.37,normal
7.91,True,0.39,5,-1.42,-13.75,-6.68,normal
7.98,True,0.4,5,-1.19,-14.2,-6.93,normal
8.06,True,0.4,5,-0.9,-14.62,-6.95,normal
8.12,True,0.39,5,-1.08,-14.94,-7.12,normal
8.2,True,0.4,5,-1.11,-14.5,-7.06,normal
8.28,True,0.4,5,-1.04,-14.8,-6.96,normal
8.36,True,0.4,5,-1.1,-15.2,-6.9,normal
8.42,True,0.4,5,-0.78,-15.44,-6.99,normal
8.5,True,0.4,5,-0.98,-15.38,-7.0,normal
8.58,True,0.4,5,-0.95,-15.8,-7.13,normal
8.66,True,0.39,5,-0.88,-16.02,-7.12,normal
8.73,True,0.39,5,-0.89,-16.33,-7.05,normal
8.8,True,0.39,5,-0.84,-16.06,-6.79,normal
8.88,True,0.38,5,-0.83,-16.6,-6.69,normal
8.95,True,0.4,5,-1.17,-16.48,-6.54,normal
9.03,True,0.4,5,-1.45,-15.94,-6.65,normal
9.11,True,0.4,5,-1.12,-16.45,-6.61,normal
9.17,True,0.4,5,-0.93,-16.29,-6.7,normal
9.25,True,0.4,5,-0.73,-16.35,-6.76,normal
9.33,True,0.39,5,-0.89,-16.04,-7.09,normal
9.41,True,0.4,5,-1.09,-16.61,-6.72,normal
9.47,True,0.4,5,-1.16,-16.09,-6.76,normal
9.55,True,0.4,5,-0.99,-16.3,-6.66,normal
9.62,True,0.4,5,-1.31,-16.22,-6.78,normal
9.7,True,0.4,5,-1.41,-16.18,-6.75,normal
9.78,True,0.39,5,-1.35,-16.35,-6.82,normal
9.84,True,0.39,5,-1.28,-16.52,-6.7,normal
9.92,True,0.4,5,-1.5,-16.18,-6.74,normal
10.0,True,0.39,5,-1.93,-16.19,-6.67,normal
10.08,True,0.39,5,-1.95,-16.51,-6.55,normal
10.16,True,0.38,5,-2.63,-16.38,-6.31,normal
10.22,True,0.38,5,-2.22,-16.56,-6.03,normal
10.3,True,0.38,5,-1.96,-16.02,-5.67,normal
10.38,True,0.37,5,-2.36,-15.42,-5.33,normal
10.45,True,0.37,5,-2.88,-14.5,-5.22,normal
10.52,True,0.38,5,-2.43,-14.96,-5.2,normal
10.59,True,0.38,5,-2.67,-14.54,-5.21,normal
10.67,True,0.37,5,-2.38,-14.35,-5.13,normal
10.73,True,0.37,5,-1.61,-13.18,-5.15,normal
10.81,True,0.37,5,-0.59,-12.64,-5.27,normal
10.89,True,0.37,5,1.88,-11.28,-5.05,normal
10.97,True,0.36,5,2.38,-9.33,-5.08,normal
11.03,True,0.33,5,3.8,-7.75,-4.15,normal
11.11,True,0.34,5,2.74,-6.29,-4.1,normal
11.19,True,0.36,5,1.88,-4.03,-3.82,normal
11.27,True,0.37,5,1.21,-3.48,-3.44,normal
11.33,True,0.36,5,1.23,-3.13,-3.16,normal
11.41,True,0.36,5,0.46,-3.61,-3.73,normal
11.48,True,0.35,5,-0.85,-3.79,-4.39,normal
11.56,True,0.36,5,-1.43,-4.65,-4.46,normal
11.64,True,0.35,5,-1.46,-5.1,-4.56,normal
11.7,True,0.35,5,-1.67,-4.96,-4.66,normal
11.78,True,0.35,5,-1.98,-4.92,-4.55,normal
11.86,True,0.36,5,-1.82,-4.91,-4.48,normal
11.94,True,0.36,5,-1.52,-5.31,-4.87,normal
12.0,True,0.35,5,-0.65,-6.12,-4.56,normal
12.08,True,0.33,5,0.26,-5.36,-4.49,normal
12.16,True,0.33,5,0.82,-5.19,-4.57,normal
12.23,True,0.33,5,1.08,-4.77,-4.66,normal
12.31,True,0.33,5,0.44,-4.26,-4.58,normal
12.38,True,0.33,5,0.92,-4.42,-4.51,normal
12.45,True,0.33,5,0.75,-4.3,-4.64,normal
12.53,True,0.33,5,1.25,-4.59,-4.31,normal
12.61,True,0.33,5,0.67,-3.49,-4.31,normal
12.69,True,0.34,5,1.0,-3.7,-4.08,normal
12.75,True,0.34,5,0.61,-2.24,-4.2,normal
12.83,True,0.34,5,1.38,-2.11,-4.22,normal
12.91,True,0.35,5,0.93,-1.69,-4.4,normal
12.98,True,0.35,5,1.0,-1.74,-4.53,normal
13.05,True,0.36,5,1.09,-1.93,-4.71,normal
13.12,True,0.36,5,0.56,-1.85,-4.68,normal
13.2,True,0.36,5,0.55,-2.01,-4.59,normal
13.27,True,0.36,5,0.71,-2.61,-4.54,normal
13.34,True,0.36,5,0.35,-2.86,-4.59,normal
13.42,True,0.36,5,0.47,-2.86,-4.57,normal
13.5,True,0.36,5,0.39,-2.56,-4.66,normal
13.58,True,0.36,5,0.98,-2.9,-4.63,normal
13.64,True,0.36,5,0.78,-3.09,-4.59,normal
13.72,True,0.36,5,0.76,-2.83,-4.6,normal
13.8,True,0.35,5,0.87,-3.1,-4.67,normal
13.88,True,0.35,5,0.85,-2.88,-4.64,normal
13.95,True,0.35,5,0.7,-2.8,-4.59,normal
14.03,True,0.35,5,0.82,-2.83,-4.43,normal
14.09,True,0.35,5,0.56,-2.72,-4.51,normal
14.17,True,0.35,5,0.65,-2.72,-4.45,normal
14.25,True,0.35,5,0.96,-2.54,-4.39,normal
14.33,True,0.35,5,0.9,-2.91,-4.46,normal
14.41,True,0.35,5,0.53,-2.67,-4.58,normal
14.47,True,0.36,5,0.78,-2.21,-4.44,normal
14.55,True,0.35,5,0.98,-2.48,-4.54,normal
14.62,True,0.36,5,0.86,-2.65,-4.49,normal
14.7,True,0.36,5,0.87,-2.61,-4.29,normal
14.77,True,0.36,5,0.82,-2.2,-4.12,normal
14.84,True,0.36,5,0.75,-2.09,-4.07,normal
14.92,True,0.35,5,0.7,-1.99,-3.95,normal
15.0,True,0.35,5,0.8,-1.82,-4.01,normal
15.08,True,0.36,5,1.05,-1.88,-4.11,normal
15.14,True,0.36,5,0.91,-1.43,-4.13,normal
15.22,True,0.35,5,1.06,-1.25,-4.3,normal
15.3,True,0.36,5,1.51,-1.36,-4.36,normal
15.38,True,0.36,5,1.42,-1.93,-4.56,normal
15.44,True,0.36,5,1.63,-0.88,-4.41,normal
15.52,True,0.36,5,1.29,-1.06,-4.4,normal
15.59,True,0.36,5,1.0,-1.24,-4.34,normal
15.67,True,0.35,5,1.24,-0.74,-4.02,normal
15.73,True,0.36,5,1.03,-1.19,-4.12,normal
15.81,True,0.36,5,0.92,-1.52,-4.01,normal
15.89,True,0.35,5,0.7,-1.38,-4.04,normal
15.97,True,0.36,5,0.74,-1.47,-4.13,normal
16.05,True,0.35,5,0.81,-1.83,-4.25,normal
16.11,True,0.36,5,0.41,-1.7,-4.17,normal
16.19,True,0.36,5,0.91,-1.67,-4.12,normal
16.27,True,0.36,5,0.73,-1.64,-4.16,normal
16.34,True,0.36,5,0.77,-1.67,-4.16,normal
16.41,True,0.36,5,0.69,-1.86,-4.19,normal
16.48,True,0.36,5,0.64,-2.21,-4.29,normal
16.56,True,0.36,5,0.85,-2.11,-4.27,normal
16.64,True,0.36,5,1.07,-2.2,-4.31,normal
16.7,True,0.36,5,0.96,-2.36,-4.29,normal
16.78,True,0.35,5,1.01,-2.1,-4.37,normal
16.86,True,0.35,5,1.15,-2.53,-4.48,normal
16.94,True,0.35,5,0.88,-2.0,-4.41,normal
17.02,True,0.35,5,0.98,-1.91,-4.19,normal
17.08,True,0.35,5,0.94,-2.03,-4.24,normal
17.16,True,0.36,5,0.88,-2.48,-4.25,normal
17.23,True,0.35,5,0.66,-2.67,-4.26,normal
17.31,True,0.36,5,0.67,-2.12,-4.1,normal
17.39,True,0.35,5,0.79,-1.85,-3.88,normal
17.45,True,0.35,5,0.88,-1.96,-3.93,normal
17.53,True,0.35,5,0.93,-2.02,-4.02,normal
17.61,True,0.35,5,0.97,-2.0,-4.11,normal
17.69,True,0.35,5,1.03,-1.84,-4.13,normal
17.75,True,0.35,5,0.64,-1.8,-4.09,normal
17.83,True,0.34,5,1.0,-1.79,-3.84,normal
17.91,True,0.34,5,1.5,-1.96,-3.96,normal
17.98,True,0.34,5,1.53,-2.22,-4.04,normal
18.06,True,0.34,5,1.51,-2.39,-4.0,normal
18.12,True,0.34,5,1.15,-2.14,-4.09,normal
18.2,True,0.34,5,1.82,-1.99,-3.98,normal
18.28,True,0.35,5,1.57,-1.75,-4.01,normal
18.36,True,0.35,5,2.12,-1.95,-3.99,normal
18.44,True,0.36,5,2.24,-1.83,-3.88,normal
18.5,True,0.36,5,2.22,-1.41,-3.77,normal
18.58,True,0.36,5,2.14,-1.59,-3.82,normal
18.66,True,0.36,5,2.05,-1.65,-3.86,normal
18.73,True,0.36,5,1.74,-0.89,-3.81,normal
18.8,True,0.36,5,1.78,-0.3,-3.93,normal
18.88,True,0.36,5,1.81,-0.63,-3.91,blank
18.95,True,0.36,5,1.85,-0.31,-4.04,normal
19.03,True,0.38,5,2.73,-0.26,-4.14,normal
19.11,True,0.37,5,1.77,-0.57,-4.21,normal
19.17,True,0.37,5,2.82,-0.75,-4.11,normal
19.25,True,0.37,5,1.87,-1.02,-4.17,normal
19.33,True,0.36,5,2.39,-0.75,-4.1,normal
19.41,True,0.37,5,2.68,-0.83,-4.09,normal
19.47,True,0.36,5,2.24,-1.15,-4.2,normal
19.55,True,0.36,5,2.31,-0.71,-4.05,normal
19.62,True,0.36,5,2.17,-0.79,-4.14,normal
19.7,True,0.36,5,2.52,-0.32,-4.12,normal
19.78,True,0.36,5,2.31,-0.69,-4.25,normal
19.86,True,0.36,5,2.4,-0.36,-4.14,normal
19.92,True,0.37,5,2.25,-0.59,-4.2,normal
20.0,True,0.37,5,2.22,-0.28,-3.9,normal
20.08,True,0.36,5,2.51,-0.71,-3.9,normal
20.16,True,0.37,5,2.69,-0.58,-3.95,normal
20.22,True,0.36,5,3.1,-0.51,-3.87,normal
20.3,True,0.32,5,3.27,-0.93,-5.55,normal
20.38,True,0.34,5,3.75,-1.7,-5.67,normal
20.45,True,0.36,5,3.68,-1.46,-5.69,normal
20.52,True,0.35,5,3.9,-1.43,-5.64,normal
20.59,True,0.36,5,3.89,-1.16,-5.54,normal
20.67,True,0.36,5,3.87,-0.63,-5.35,normal
20.75,True,0.36,5,4.29,-0.8,-5.42,normal
20.83,True,0.36,5,4.15,-0.5,-5.08,normal
20.89,True,0.36,5,4.04,-0.75,-5.16,normal
20.97,True,0.37,5,3.94,-0.43,-4.11,normal
21.05,True,0.38,5,3.22,0.14,-3.81,normal
21.12,True,0.37,5,3.26,0.03,-3.74,normal
21.2,True,0.37,5,3.11,-0.34,-3.66,normal
21.28,True,0.37,5,3.01,-0.59,-3.63,normal
21.34,True,0.37,5,2.83,-0.64,-3.65,normal
21.42,True,0.38,5,2.76,-0.33,-3.49,normal
21.5,True,0.37,5,2.9,-0.42,-3.52,normal
21.58,True,0.37,5,2.69,-0.55,-3.4,normal
21.66,True,0.37,5,2.62,-0.76,-3.46,normal
21.72,True,0.37,5,2.7,-0.34,-3.39,normal
21.8,True,0.37,5,3.13,-0.24,-3.4,normal
21.88,True,0.36,5,3.03,-0.61,-3.45,normal
21.95,True,0.36,5,3.46,-0.38,-3.4,normal
22.03,True,0.36,5,3.56,-0.64,-3.59,normal
22.09,True,0.37,5,3.13,0.27,-3.39,normal
22.17,True,0.37,5,3.94,-0.73,-3.41,normal
22.25,True,0.38,5,3.04,0.59,-3.24,normal
22.33,True,0.37,5,3.51,0.05,-3.31,normal
22.41,True,0.37,5,3.29,0.44,-3.4,normal
22.47,True,0.38,5,3.65,-0.11,-3.3,normal
22.55,True,0.38,5,3.6,0.03,-3.24,normal
22.62,True,0.37,5,3.71,0.71,-3.08,normal
22.7,True,0.37,5,4.17,0.75,-3.07,normal
22.77,True,0.37,5,3.98,0.82,-3.14,normal
22.84,True,0.37,5,4.0,0.77,-3.29,normal
22.92,True,0.37,5,4.3,0.49,-3.21,normal
23.0,True,0.36,5,4.4,0.59,-3.23,normal
23.06,True,0.37,5,4.41,0.82,-3.2,normal
23.14,True,0.36,5,4.35,1.0,-3.4,normal
23.22,True,0.37,5,4.29,0.92,-3.7,normal
23.3,True,0.37,5,4.35,0.83,-3.87,normal
23.38,True,0.36,5,4.26,0.92,-3.85,normal
23.44,True,0.36,5,4.04,0.99,-3.76,normal
23.52,True,0.36,5,4.4,0.77,-3.82,normal
23.59,True,0.36,5,4.58,0.83,-3.92,normal
23.67,True,0.36,5,4.41,0.84,-3.83,normal
23.75,True,0.36,5,4.32,0.8,-3.92,normal
23.83,True,0.36,5,4.03,0.8,-3.74,normal
23.89,True,0.36,5,3.85,0.84,-3.77,normal
23.97,True,0.36,5,4.02,0.86,-3.76,normal
24.05,True,0.36,5,4.11,0.71,-3.55,normal
24.12,True,0.36,5,4.23,0.7,-3.51,normal
24.19,True,0.36,5,4.19,0.39,-3.45,normal
24.27,True,0.36,5,4.31,0.6,-3.48,normal
24.34,True,0.37,5,4.24,0.14,-3.46,normal
24.42,True,0.37,5,4.19,0.91,-3.24,normal
24.48,True,0.36,5,4.48,0.67,-3.6,normal
24.56,True,0.36,5,4.11,-0.15,-3.67,normal
24.64,True,0.37,5,4.39,0.53,-3.49,normal
24.72,True,0.37,5,4.4,0.48,-3.58,normal
24.78,True,0.36,5,4.49,0.77,-3.49,normal
24.86,True,0.37,5,5.27,0.84,-3.46,normal
24.94,True,0.37,5,5.98,0.68,-3.43,normal
25.02,True,0.38,5,4.51,1.4,-3.67,normal
25.09,True,0.08,6,4.96,1.29,-4.04,tired
25.16,True,0.07,6,5.0,0.41,-3.7,tired
25.23,True,0.12,6,5.23,-0.43,-3.97,tired
25.31,True,0.3,6,6.07,-1.93,-4.54,normal
25.39,True,0.32,6,6.37,-1.74,-4.95,normal
25.45,True,0.34,6,6.2,-2.3,-4.98,normal
25.53,True,0.35,6,6.46,-2.72,-5.03,normal
25.61,True,0.36,6,6.68,-2.83,-5.11,normal
25.69,True,0.33,6,6.7,-3.32,-5.39,normal
25.77,True,0.1,7,6.94,-3.28,-5.45,tired
25.83,True,0.25,7,7.33,-2.87,-5.4,normal
25.91,True,0.31,7,7.44,-2.78,-5.14,normal
25.98,True,0.37,7,7.83,-1.82,-4.94,normal
26.06,True,0.37,7,7.8,-1.38,-4.54,normal
26.14,True,0.38,7,7.68,-1.51,-4.14,normal
26.2,True,0.38,7,7.93,-1.54,-4.42,normal
26.28,True,0.38,7,7.55,-1.49,-4.49,normal
26.36,True,0.38,7,8.15,-1.58,-4.72,normal
26.44,True,0.38,7,7.99,-2.04,-4.86,normal
26.5,True,0.38,7,8.16,-2.23,-4.68,normal
26.58,True,0.38,7,8.04,-2.04,-5.0,normal
26.66,True,0.38,7,8.01,-1.51,-4.93,normal
26.73,True,0.37,7,7.78,-1.1,-4.89,normal
26.81,True,0.38,7,8.04,-0.99,-4.97,normal
26.88,True,0.36,7,7.76,-0.45,-4.94,normal
26.95,True,0.3,7,8.58,0.82,-5.25,normal
27.03,True,0.12,8,11.04,1.95,-4.88,tired
27.09,True,0.12,8,13.52,4.35,-3.74,tired
27.17,True,0.11,8,15.34,4.93,-3.99,tired
27.25,True,0.11,8,18.81,5.01,-3.67,tired
27.33,True,0.12,8,19.45,4.21,-3.23,tired
27.41,True,0.12,8,16.18,4.02,-3.17,tired
27.47,True,0.12,8,17.44,3.3,-2.5,tired
27.55,True,0.13,8,18.88,4.28,-3.67,tired
27.62,True,0.15,8,21.28,4.47,-6.6,tired
27.7,True,0.14,8,20.55,4.17,-6.86,tired
27.78,True,0.14,8,20.53,3.28,-7.36,tired
27.84,True,0.18,8,20.91,2.96,-6.61,normal
27.92,True,0.18,8,22.9,2.75,-6.19,normal
28.0,True,0.17,8,23.74,7.39,-5.91,tired
28.08,True,0.18,8,22.52,7.74,-6.41,normal
28.16,True,0.16,8,23.73,5.13,-6.99,tired
28.22,True,0.15,8,23.28,2.86,-5.86,tired
28.3,True,0.15,8,21.27,-0.76,-5.44,tired
28.38,True,0.14,8,22.87,0.38,-5.8,tired
28.45,True,0.17,8,22.71,1.86,-5.2,tired
28.53,True,0.16,8,22.09,4.03,-5.69,tired
28.59,True,0.16,8,22.17,3.38,-5.28,tired
28.67,True,0.14,8,21.63,3.78,-4.77,tired
28.75,True,0.14,8,21.06,5.17,-4.64,tired
28.83,True,0.15,8,21.36,6.6,-5.01,tired
28.91,True,0.14,8,21.28,6.14,-5.91,tired
28.97,True,0.13,8,19.97,3.63,-6.13,tired
29.05,True,0.15,8,21.63,2.74,-6.73,tired
29.12,True,0.16,8,23.07,1.32,-6.24,tired
29.2,True,0.15,8,22.91,0.08,-6.76,tired
29.28,True,0.14,8,22.41,2.19,-5.41,tired
29.36,True,0.14,8,20.53,3.88,-5.84,tired
29.42,True,0.14,8,21.47,4.36,-5.48,tired
29.5,True,0.14,8,21.29,3.06,-5.08,tired
29.58,True,0.14,8,22.0,3.59,-4.51,tired
29.66,True,0.15,8,23.03,2.87,-4.89,tired
29.73,True,0.15,8,22.97,3.74,-5.49,tired
29.81,True,0.14,8,22.0,5.48,-5.67,tired
29.88,True,0.15,8,21.13,5.7,-5.55,tired
29.95,True,0.15,8,22.0,5.92,-4.94,tired
30.03,True,0.16,8,22.22,5.9,-5.44,tired
30.11,True,0.16,8,22.36,4.83,-5.68,tired
30.19,True,0.15,8,21.6,5.18,-5.22,tired
30.25,True,0.15,8,21.52,7.03,-5.38,tired
30.33,True,0.15,8,21.49,6.04,-5.28,tired
30.41,True,0.15,8,21.29,7.08,-4.83,tired
30.48,True,0.15,8,21.67,6.84,-4.44,tired
30.56,True,0.16,8,21.16,6.14,-5.05,tired
30.62,True,0.16,8,20.22,8.27,-5.1,tired
30.7,True,0.14,8,21.15,8.53,-3.87,tired
30.78,True,0.15,8,21.63,8.27,-4.33,tired
30.86,True,0.15,8,20.94,8.14,-3.7,tired
30.92,True,0.15,8,20.93,8.42,-4.03,tired
31.0,True,0.15,8,21.2,9.37,-4.53,tired
31.08,True,0.15,8,21.25,8.19,-4.38,tired
31.16,True,0.15,8,21.28,7.98,-5.09,tired
31.23,True,0.15,8,21.43,8.21,-4.67,tired
31.3,True,0.16,8,21.44,7.78,-4.5,tired
31.38,True,0.17,8,22.23,6.79,-5.05,tired
31.45,True,0.17,8,21.68,6.01,-5.64,tired
31.53,True,0.15,8,22.29,7.84,-4.9,tired
31.61,True,0.14,8,21.6,6.87,-4.99,tired
31.67,True,0.15,8,21.67,6.11,-5.61,tired
31.75,True,0.17,8,21.82,5.54,-5.05,tired
31.83,True,0.16,8,22.12,6.49,-5.38,tired
31.91,True,0.16,8,22.51,6.73,-5.71,tired
31.98,True,0.15,8,22.55,6.44,-5.29,tired
32.05,True,0.16,8,22.38,6.05,-5.43,tired
32.12,True,0.15,8,22.23,7.13,-4.52,tired
32.2,True,0.15,8,23.36,7.47,-5.09,tired
32.28,True,0.14,8,22.84,5.92,-4.97,tired
32.34,True,0.14,8,22.32,6.0,-4.99,tired
32.42,True,0.15,8,21.9,5.66,-4.92,tired
32.5,True,0.14,8,21.78,5.93,-4.89,tired
32.58,True,0.14,8,20.99,5.28,-4.94,tired
32.66,True,0.14,8,21.06,5.57,-4.88,tired
32.72,True,0.14,8,21.67,5.8,-5.3,tired
32.8,True,0.15,8,21.86,6.84,-5.21,tired
32.88,True,0.15,8,22.16,7.27,-5.1,tired
32.95,True,0.15,8,22.26,7.58,-5.36,tired
33.02,True,0.15,8,22.1,7.37,-5.37,tired
33.09,True,0.14,8,21.55,6.95,-5.4,tired
33.17,True,0.14,8,21.09,6.88,-5.19,tired
33.25,True,0.14,8,21.2,5.49,-5.41,tired
33.33,True,0.15,8,21.14,6.34,-4.88,tired
33.39,True,0.14,8,21.03,6.23,-5.21,tired
33.47,True,0.15,8,21.61,6.59,-5.14,tired
33.55,True,0.15,8,21.95,5.87,-5.39,tired
33.62,True,0.15,8,21.38,6.08,-5.6,tired
33.69,True,0.15,8,21.26,6.15,-5.53,tired
33.77,True,0.15,8,21.6,5.8,-5.36,tired
33.84,True,0.15,8,21.23,5.8,-5.29,tired
33.92,True,0.15,8,20.3,5.92,-5.25,tired
33.98,True,0.15,8,20.7,5.47,-5.03,tired
34.06,True,0.15,8,21.07,5.8,-5.06,tired
34.14,True,0.15,8,21.28,5.85,-4.88,tired
34.22,True,0.15,8,21.36,5.82,-4.65,tired
34.28,True,0.15,8,21.06,5.86,-5.0,tired
34.36,True,0.15,8,21.15,6.66,-4.77,tired
34.44,True,0.15,8,21.45,6.16,-5.32,tired
34.52,True,0.15,8,21.77,5.47,-5.11,tired
34.59,True,0.15,8,21.94,4.8,-4.78,tired
34.66,True,0.16,8,23.03,5.7,-4.89,tired
34.73,True,0.15,8,22.13,5.4,-5.24,tired
34.81,True,0.15,8,22.69,5.65,-5.03,tired
34.89,True,0.15,8,22.39,5.69,-5.33,tired
34.97,True,0.15,8,22.23,6.41,-5.49,tired
35.03,True,0.15,8,21.91,6.5,-5.43,tired
35.11,True,0.15,8,21.96,6.78,-5.05,tired
35.19,True,0.15,8,21.63,7.33,-4.94,tired
35.27,True,0.15,8,21.97,6.59,-4.9,tired
35.33,True,0.14,8,21.5,6.4,-4.86,tired
35.41,True,0.15,8,21.05,6.78,-4.64,tired
35.48,True,0.14,8,21.65,7.09,-4.67,tired
35.56,True,0.15,8,22.08,6.72,-4.76,tired
35.62,True,0.14,8,21.26,5.92,-4.64,tired
35.7,True,0.15,8,21.97,6.72,-4.58,tired
35.78,True,0.15,8,21.03,6.27,-4.83,tired
35.86,True,0.15,8,21.65,7.11,-4.55,tired
35.94,True,0.15,8,21.57,5.89,-4.72,tired
36.0,True,0.16,8,21.48,5.98,-4.48,tired
36.08,True,0.15,8,21.59,6.33,-4.63,tired
36.16,True,0.15,8,21.94,6.54,-4.57,tired
36.23,True,0.15,8,21.77,6.55,-4.64,tired
36.31,True,0.15,8,21.72,6.44,-4.39,tired
36.38,True,0.16,8,22.24,6.63,-4.79,tired
36.45,True,0.16,8,21.47,6.93,-4.83,tired
36.53,True,0.16,8,21.73,6.57,-4.81,tired
36.61,True,0.16,8,22.19,7.34,-4.76,tired
36.69,True,0.16,8,21.17,6.54,-4.12,tired
36.75,True,0.17,8,22.73,7.52,-3.91,tired
36.83,True,0.16,8,22.37,6.38,-3.78,tired
36.91,True,0.16,8,22.17,7.0,-3.74,tired
36.98,True,0.16,8,22.08,6.82,-3.5,tired
37.06,True,0.16,8,22.07,7.3,-3.79,tired
37.12,True,0.16,8,21.89,7.24,-3.57,tired
37.2,True,0.15,8,22.39,7.53,-3.82,tired
37.28,True,0.16,8,21.84,7.47,-4.32,tired
37.36,True,0.16,8,21.29,8.33,-3.64,tired
37.44,True,0.18,8,21.95,8.12,-3.59,normal
37.52,True,0.25,8,22.01,8.02,-3.81,normal
37.58,True,0.32,8,22.86,7.04,-3.64,normal
37.66,True,0.36,8,23.53,6.24,-3.31,normal
37.73,True,0.35,8,22.7,7.14,-3.54,normal
37.81,True,0.18,8,21.99,6.58,-4.04,normal
37.88,True,0.19,8,22.44,7.02,-3.8,normal
37.95,True,0.32,8,20.78,6.12,-3.88,normal
38.03,True,0.31,8,21.02,6.2,-3.88,normal
38.11,True,0.19,8,20.6,6.55,-4.65,normal
38.19,True,0.17,8,20.11,6.31,-4.21,tired
38.25,True,0.25,8,21.21,6.67,-5.05,normal
38.33,True,0.31,8,19.24,7.66,-4.99,normal
38.41,True,0.28,8,19.24,5.96,-3.94,normal
38.48,True,0.12,9,18.86,4.23,-4.28,tired
38.56,True,0.1,9,17.69,5.98,-3.59,tired
38.62,True,0.17,9,13.72,3.66,-4.05,tired
38.7,True,0.23,9,13.16,4.11,-4.9,normal
38.78,True,0.34,9,9.99,0.32,-4.01,normal
38.86,True,0.36,9,11.55,-0.36,-4.01,normal
38.92,True,0.35,9,11.58,1.14,-3.74,normal
39.0,True,0.36,9,12.13,1.57,-3.2,normal
39.08,True,0.36,9,12.53,1.78,-2.36,normal
39.16,True,0.36,9,12.59,2.16,-2.86,normal
39.23,True,0.35,9,12.57,2.25,-2.64,normal
39.31,True,0.35,9,12.41,1.73,-3.1,normal
39.38,True,0.36,9,11.85,0.37,-3.26,normal
39.45,True,0.38,9,11.72,-1.36,-2.7,normal
39.53,True,0.38,9,11.06,-1.98,-2.71,normal
39.61,True,0.37,9,10.81,-1.99,-2.62,normal
39.67,True,0.35,9,11.09,-1.77,-2.72,normal
39.75,True,0.37,9,10.39,-0.68,-1.88,normal
39.83,True,0.37,9,10.21,-1.17,-1.8,normal
39.91,True,0.36,9,10.31,-0.69,-1.74,normal
39.98,True,0.35,9,10.74,0.13,-1.85,normal
40.05,True,0.35,9,10.81,-0.09,-1.76,normal
40.12,True,0.36,9,10.5,0.07,-2.3,normal
40.2,True,0.37,9,10.59,-0.14,-2.25,normal
40.28,True,0.36,9,10.11,-0.56,-2.48,normal
40.36,True,0.37,9,10.09,-2.05,-2.35,normal
40.42,True,0.36,9,9.62,-2.78,-2.47,normal
40.5,True,0.37,9,9.53,-4.43,-2.62,normal
40.58,True,0.37,9,9.42,-4.36,-2.49,normal
40.66,True,0.38,9,9.68,-4.33,-2.3,normal
40.72,True,0.38,9,9.71,-4.41,-2.37,normal
40.8,True,0.37,9,9.63,-5.4,-2.23,normal
40.88,True,0.38,9,10.14,-5.28,-2.23,normal
40.95,True,0.39,9,11.1,-4.8,-2.6,normal
41.03,True,0.38,9,11.52,-3.36,-2.47,normal
41.09,True,0.33,9,11.78,-2.5,-2.77,normal
41.17,True,0.31,9,12.34,-2.09,-3.0,normal
41.25,True,0.35,9,11.97,0.23,-2.11,normal
41.33,True,0.33,9,12.49,1.81,-1.97,normal
41.41,True,0.28,9,12.6,3.83,-2.29,normal
41.48,True,0.29,9,13.2,4.74,-2.04,normal
41.55,True,0.27,9,12.9,4.61,-1.83,normal
41.62,True,0.29,9,12.76,4.05,-1.74,normal
41.7,True,0.31,9,13.92,4.51,-1.56,normal
41.78,True,0.31,9,14.16,5.34,-1.78,normal
41.84,True,0.31,9,14.0,4.87,-1.39,normal
41.92,True,0.32,9,14.17,4.9,-1.33,normal
42.0,True,0.32,9,14.53,5.83,-1.53,normal
42.08,True,0.32,9,14.37,5.47,-1.2,normal
42.16,True,0.33,9,13.9,5.0,-1.26,normal
42.22,True,0.33,9,13.63,4.68,-1.09,normal
42.3,True,0.32,9,14.0,4.54,-1.2,normal
42.38,True,0.32,9,14.11,4.62,-1.17,normal
42.45,True,0.31,9,13.47,4.62,-1.51,normal
42.52,True,0.31,9,14.09,3.65,-2.09,normal
42.59,True,0.29,9,14.51,3.36,-2.11,normal
42.67,True,0.31,9,13.9,3.83,-2.07,normal
42.75,True,0.32,9,14.11,3.51,-2.17,normal
42.83,True,0.32,9,14.46,3.47,-2.5,normal
42.89,True,0.32,9,14.44,3.19,-2.45,normal
42.97,True,0.32,9,14.17,3.17,-2.33,normal
43.05,True,0.33,9,14.25,3.15,-2.37,normal
43.12,True,0.33,9,14.23,3.28,-2.59,normal
43.2,True,0.34,9,14.55,2.98,-2.51,normal
43.27,True,0.34,9,14.14,3.16,-2.77,normal
43.34,True,0.34,9,14.09,2.73,-2.52,normal
43.42,True,0.34,9,13.82,3.68,-2.57,normal
43.5,True,0.31,9,13.98,3.09,-2.75,normal
43.58,True,0.22,9,14.05,2.47,-2.78,normal
43.64,True,0.11,10,17.07,1.95,-2.64,tired
43.72,True,0.12,10,18.48,1.75,-2.55,tired
43.8,True,0.12,10,19.73,1.44,-2.93,tired
43.88,True,0.12,10,19.84,0.02,-3.34,tired
43.95,True,0.11,10,18.85,1.13,-2.65,tired
44.02,True,0.11,10,18.35,1.72,-2.22,tired
44.09,True,0.11,10,18.65,1.07,-2.73,tired
44.17,True,0.11,10,19.31,1.5,-3.52,tired
44.25,True,0.15,10,18.91,1.97,-3.02,tired
44.31,True,0.26,10,20.11,0.77,-3.03,normal
44.39,True,0.29,10,19.75,0.85,-3.26,normal
44.47,True,0.29,10,19.39,1.26,-3.62,normal
44.55,True,0.3,10,19.01,0.99,-4.32,normal
44.61,True,0.3,10,18.89,2.2,-4.77,normal
44.69,True,0.32,10,19.81,1.38,-5.21,normal
44.77,True,0.33,10,20.08,0.88,-5.29,normal
44.84,True,0.32,10,19.96,0.52,-4.95,normal
44.92,True,0.33,10,19.84,0.94,-4.96,normal
44.98,True,0.33,10,19.56,0.1,-5.42,normal
45.06,True,0.33,10,20.0,0.22,-5.37,normal
45.14,True,0.34,10,19.55,-0.04,-5.48,normal
45.22,True,0.34,10,19.14,-0.32,-5.44,normal
45.3,True,0.34,10,19.14,-0.18,-5.43,normal
45.36,True,0.34,10,19.4,-0.68,-5.39,normal
45.44,True,0.34,10,18.73,-0.19,-5.37,normal
45.52,True,0.34,10,18.52,0.42,-5.34,normal
45.59,True,0.34,10,18.88,-0.64,-5.56,normal
45.67,True,0.32,10,19.08,-0.16,-5.22,normal
45.73,True,0.33,10,18.91,-0.02,-5.17,normal
45.81,True,0.33,10,20.08,-0.25,-4.29,normal
45.89,True,0.37,10,19.12,-0.82,-3.8,normal
45.97,True,0.36,10,19.66,0.22,-3.64,normal
46.05,True,0.35,10,19.86,0.36,-3.67,normal
46.12,True,0.36,10,19.8,-0.77,-4.17,normal
46.19,True,0.38,10,18.64,-0.25,-4.23,normal
46.27,True,0.37,10,19.69,-1.35,-4.71,normal
46.34,True,0.38,10,20.04,-0.75,-4.42,normal
46.42,True,0.37,10,19.11,-0.96,-4.71,normal
46.48,True,0.37,10,18.52,-1.91,-4.44,normal
46.56,True,0.38,10,18.68,0.12,-4.28,normal
46.64,True,0.37,10,18.13,-0.96,-4.32,normal
46.72,True,0.36,10,18.09,0.03,-4.13,normal
46.78,True,0.36,10,18.55,0.33,-3.94,normal
46.86,True,0.36,10,18.29,0.27,-3.71,normal
46.94,True,0.35,10,18.33,0.42,-3.58,normal
47.02,True,0.35,10,18.38,0.01,-3.74,normal
47.09,True,0.35,10,18.58,-0.06,-3.73,normal
47.16,True,0.14,11,17.28,-0.01,-3.63,tired
47.23,True,0.15,11,17.24,0.05,-3.97,tired
47.31,True,0.13,11,16.93,0.56,-3.75,tired
47.39,True,0.21,11,17.49,-0.44,-4.88,normal
47.45,True,0.24,11,17.42,-0.42,-4.52,normal
47.53,True,0.26,11,18.17,-0.11,-4.64,normal
47.61,True,0.27,11,18.33,-0.64,-4.47,normal
47.69,True,0.27,11,18.79,-0.98,-4.36,normal
47.75,True,0.27,11,19.67,-1.52,-4.23,normal
47.83,True,0.29,11,18.77,-1.2,-4.19,normal
47.91,True,0.26,11,18.66,-0.35,-4.29,normal
47.98,True,0.11,12,18.48,-0.37,-3.96,tired
